{
    "translationKey": "planscape.darkTheme",
    "mainFont": {
        "instanceID": 50848
    },
    "mainFontSizeScale": 1.0,
    "mainCharacterSpacingScale": 1.0,
    "mainLineSpacingScale": 1.0,
    "timerFont": {
        "instanceID": 50396
    },
    "timerFontSizeScale": 1.0,
    "timerCharacterSpacingScale": 1.0,
    "timerLineSpacingScale": 1.0,
    "menuBackgroundLayers": [
        {
            "sprite": {
                "instanceID": 52494
            },
            "color": {
                "r": 0.8352941274642944,
                "g": 0.3607843220233917,
                "b": 0.5921568870544434,
                "a": 1.0
            },
            "position": {
                "x": -5.0,
                "y": 2.4000000953674318,
                "z": 0.0
            },
            "rotation": {
                "x": 0.0,
                "y": 0.0,
                "z": 0.0,
                "w": 0.0
            },
            "scale": {
                "x": 0.75,
                "y": 0.75,
                "z": 0.75
            }
        },
        {
            "sprite": {
                "instanceID": 52496
            },
            "color": {
                "r": 0.7176470756530762,
                "g": 0.46666666865348818,
                "b": 0.9019607901573181,
                "a": 1.0
            },
            "position": {
                "x": -5.0,
                "y": 2.4000000953674318,
                "z": 0.0
            },
            "rotation": {
                "x": 0.0,
                "y": 0.0,
                "z": 0.0,
                "w": 0.0
            },
            "scale": {
                "x": 0.75,
                "y": 0.75,
                "z": 0.75
            }
        },
        {
            "sprite": {
                "instanceID": 52498
            },
            "color": {
                "r": 0.0,
                "g": 0.0,
                "b": 0.0,
                "a": 1.0
            },
            "position": {
                "x": -5.0,
                "y": 2.4000000953674318,
                "z": 0.0
            },
            "rotation": {
                "x": 0.0,
                "y": 0.0,
                "z": 0.0,
                "w": 0.0
            },
            "scale": {
                "x": 0.75,
                "y": 0.75,
                "z": 0.75
            }
        },
        {
            "sprite": {
                "instanceID": 52500
            },
            "color": {
                "r": 1.0,
                "g": 1.0,
                "b": 1.0,
                "a": 1.0
            },
            "position": {
                "x": -5.0,
                "y": 2.4000000953674318,
                "z": 0.0
            },
            "rotation": {
                "x": 0.0,
                "y": 0.0,
                "z": 0.0,
                "w": 0.0
            },
            "scale": {
                "x": 0.75,
                "y": 0.75,
                "z": 0.75
            }
        },
        {
            "sprite": {
                "instanceID": 52504
            },
            "color": {
                "r": 0.0,
                "g": 0.0,
                "b": 0.0,
                "a": 1.0
            },
            "position": {
                "x": 0.0,
                "y": 0.0,
                "z": 0.0
            },
            "rotation": {
                "x": 0.0,
                "y": 0.0,
                "z": 0.0,
                "w": 0.0
            },
            "scale": {
                "x": 1.0,
                "y": 1.0,
                "z": 1.0
            }
        },
        {
            "sprite": {
                "instanceID": 52506
            },
            "color": {
                "r": 0.0470588244497776,
                "g": 0.027450980618596078,
                "b": 0.09019608050584793,
                "a": 1.0
            },
            "position": {
                "x": 0.0,
                "y": 0.0,
                "z": 0.0
            },
            "rotation": {
                "x": 0.0,
                "y": 0.0,
                "z": 0.0,
                "w": 0.0
            },
            "scale": {
                "x": 1.0,
                "y": 1.0,
                "z": 1.0
            }
        }
    ],
    "levelBackgroundLayers": [
        {
            "sprite": {
                "instanceID": 52504
            },
            "color": {
                "r": 0.0,
                "g": 0.0,
                "b": 0.0,
                "a": 1.0
            },
            "position": {
                "x": 0.0,
                "y": 0.0,
                "z": 0.0
            },
            "rotation": {
                "x": 0.0,
                "y": 0.0,
                "z": 0.0,
                "w": 0.0
            },
            "scale": {
                "x": 1.0,
                "y": 1.0,
                "z": 1.0
            }
        },
        {
            "sprite": {
                "instanceID": 52506
            },
            "color": {
                "r": 0.0470588244497776,
                "g": 0.027450980618596078,
                "b": 0.09019608050584793,
                "a": 1.0
            },
            "position": {
                "x": 0.0,
                "y": 0.0,
                "z": 0.0
            },
            "rotation": {
                "x": 0.0,
                "y": 0.0,
                "z": 0.0,
                "w": 0.0
            },
            "scale": {
                "x": 1.0,
                "y": 1.0,
                "z": 1.0
            }
        }
    ],
    "taskListColors": [
        {
            "mainColor": {
                "r": 0.2196078598499298,
                "g": 0.1568627506494522,
                "b": 0.34117648005485537,
                "a": 1.0
            },
            "itemColor": {
                "r": 0.6313725709915161,
                "g": 0.760784387588501,
                "b": 0.8666667342185974,
                "a": 1.0
            },
            "scrollbarColor": {
                "r": 1.0,
                "g": 1.0,
                "b": 1.0,
                "a": 1.0
            },
            "countColor": {
                "r": 0.9019608497619629,
                "g": 0.501960813999176,
                "b": 0.46666669845581057,
                "a": 1.0
            },
            "taskColors": [
                {
                    "r": 0.2196078598499298,
                    "g": 0.1568627506494522,
                    "b": 0.34117648005485537,
                    "a": 1.0
                },
                {
                    "r": 0.2196078598499298,
                    "g": 0.1568627506494522,
                    "b": 0.34117648005485537,
                    "a": 1.0
                },
                {
                    "r": 0.3450980484485626,
                    "g": 0.250980406999588,
                    "b": 0.45098042488098147,
                    "a": 1.0
                },
                {
                    "r": 0.3450980484485626,
                    "g": 0.250980406999588,
                    "b": 0.45098042488098147,
                    "a": 1.0
                }
            ]
        },
        {
            "mainColor": {
                "r": 0.3450980484485626,
                "g": 0.250980406999588,
                "b": 0.45098042488098147,
                "a": 1.0
            },
            "itemColor": {
                "r": 0.6313725709915161,
                "g": 0.760784387588501,
                "b": 0.8666667342185974,
                "a": 1.0
            },
            "scrollbarColor": {
                "r": 1.0,
                "g": 1.0,
                "b": 1.0,
                "a": 1.0
            },
            "countColor": {
                "r": 0.9019608497619629,
                "g": 0.501960813999176,
                "b": 0.46666669845581057,
                "a": 1.0
            },