{
    "translationKey": "planscape.gothicTheme",
    "mainFont": {
        "instanceID": 50652
    },
    "mainFontSizeScale": 1.0,
    "mainCharacterSpacingScale": 1.0,
    "mainLineSpacingScale": 1.0,
    "timerFont": {
        "instanceID": 50200
    },
    "timerFontSizeScale": 1.0,
    "timerCharacterSpacingScale": 1.0,
    "timerLineSpacingScale": 1.0,
    "menuBackgroundLayers": [
        {
            "sprite": {
                "instanceID": 51404
            },
            "color": {
                "r": 0.3962264060974121,
                "g": 0.08410467207431793,
                "b": 0.15173105895519257,
                "a": 1.0
            },
            "position": {
                "x": -5.0,
                "y": 2.4000000953674318,
                "z": 0.0
            },
            "rotation": {
                "x": 0.0,
                "y": 0.0,
                "z": 0.0,
                "w": 0.0
            },
            "scale": {
                "x": 0.75,
                "y": 0.75,
                "z": 0.75
            }
        },
        {
            "sprite": {
                "instanceID": 51406
            },
            "color": {
                "r": 0.7176470756530762,
                "g": 0.33725491166114809,
                "b": 0.4156862795352936,
                "a": 1.0
            },
            "position": {
                "x": -5.0,
                "y": 2.4000000953674318,
                "z": 0.0
            },
            "rotation": {
                "x": 0.0,
                "y": 0.0,
                "z": 0.0,
                "w": 0.0
            },
            "scale": {
                "x": 0.75,
                "y": 0.75,
                "z": 0.75
            }
        },
        {
            "sprite": {
                "instanceID": 51408
            },
            "color": {
                "r": 1.0,
                "g": 1.0,
                "b": 1.0,
                "a": 1.0
            },
            "position": {
                "x": -5.0,
                "y": 2.4000000953674318,
                "z": 0.0
            },
            "rotation": {
                "x": 0.0,
                "y": 0.0,
                "z": 0.0,
                "w": 0.0
            },
            "scale": {
                "x": 0.75,
                "y": 0.75,
                "z": 0.75
            }
        },
        {
            "sprite": {
                "instanceID": 51410
            },
            "color": {
                "r": 0.7176470756530762,
                "g": 0.33725491166114809,
                "b": 0.4156862795352936,
                "a": 1.0
            },
            "position": {
                "x": -5.0,
                "y": 2.4000000953674318,
                "z": 0.0
            },
            "rotation": {
                "x": 0.0,
                "y": 0.0,
                "z": 0.0,
                "w": 0.0
            },
            "scale": {
                "x": 0.75,
                "y": 0.75,
                "z": 0.75
            }
        },
        {
            "sprite": {
                "instanceID": 51930
            },
            "color": {
                "r": 1.0,
                "g": 1.0,
                "b": 1.0,
                "a": 1.0
            },
            "position": {
                "x": 0.0,
                "y": 0.0,
                "z": 0.0
            },
            "rotation": {
                "x": 0.0,
                "y": 0.0,
                "z": 0.0,
                "w": 0.0
            },
            "scale": {
                "x": 1.0,
                "y": 1.0,
                "z": 1.0
            }
        }
    ],
    "levelBackgroundLayers": [
        {
            "sprite": {
                "instanceID": 51930
            },
            "color": {
                "r": 1.0,
                "g": 1.0,
                "b": 1.0,
                "a": 1.0
            },
            "position": {
                "x": 0.0,
                "y": 0.0,
                "z": 0.0
            },
            "rotation": {
                "x": 0.0,
                "y": 0.0,
                "z": 0.0,
                "w": 0.0
            },
            "scale": {
                "x": 1.0,
                "y": 1.0,
                "z": 1.0
            }
        }
    ],
    "taskListColors": [
        {
            "mainColor": {
                "r": 0.7176470756530762,
                "g": 0.33725491166114809,
                "b": 0.4117647111415863,
                "a": 1.0
            },
            "itemColor": {
                "r": 0.8207547068595886,
                "g": 0.570011556148529,
                "b": 0.48393556475639346,
                "a": 1.0
            },
            "scrollbarColor": {
                "r": 0.8867924213409424,
                "g": 0.7738518714904785,
                "b": 0.7738518714904785,
                "a": 1.0
            },
            "countColor": {
                "r": 0.9150943160057068,
                "g": 0.6017410159111023,
                "b": 0.5740922093391419,
                "a": 1.0
            },
            "taskColors": [
                {
                    "r": 0.801886796951294,
                    "g": 0.532076895236969,
                    "b": 0.49550554156303408,
                    "a": 1.0
                },
                {
                    "r": 0.9905660152435303,
                    "g": 0.4774889051914215,
                    "b": 0.387815922498703,
                    "a": 1.0
                },
                {
                    "r": 0.5094339847564697,
                    "g": 0.1850302517414093,
                    "b": 0.18947412073612214,
                    "a": 1.0
                },
                {
                    "r": 0.46226418018341067,
                    "g": 0.16353686153888703,
                    "b": 0.17962223291397096,
                    "a": 1.0
                }
            ]
        },
        {
            "mainColor": {
                "r": 0.7176470756530762,
                "g": 0.33725491166114809,
                "b": 0.4156862795352936,
                "a": 1.0
            },
            "itemColor": {
                "r": 0.9019608497619629,
                "g": 0.501960813999176,
                "b": 0.46666669845581057,
                "a": 1.0
            },
            "scrollbarColor": {
                "r": 1.0,
                "g": 1.0,
                "b": 1.0,
                "a": 1.0
            },
            "countColor": {
                "r": 0.9019608497619629,
                "g": 0.501960813999176,
                "b": 0.46666669845581057,
                "a": 1.0
            },
            "taskColors": [
                {
                    "r": 0.729411780834198,
                    "g": 0.1568627506494522,
                    "b": 0.16470588743686677,
                    "a": 1.0
                },
                {
                    "r": 0.7372549176216126,
                    "g": 0.22745099663734437,
                    "b": 0.2549019753932953,
                    "a": 1.0
                },
                {
                    "r": 0.40392160415649416,
                    "g": 0.2705882489681244,
                    "b": 0.6078431606292725,
                    "a": 1.0
                },
                {
                    "r": 0.40392160415649416,
                    "g": 0.2705882489681244,
                    "b": 0.6078431606292725,
                    "a": 1.0
                }
            ]
        },
        {
            "mainColor": {
                "r": 0.40392160415649416,
                "g": 0.2705882489681244,
                "b": 0.6078431606292725,
                "a": 1.0
            },
            "itemColor": {
                "r": 0.6274510025978088,
                "g": 0.5176470875740051,
                "b": 0.7882353663444519,
                "a": 1.0
            },