{
    "mainFont": {
        "instanceID": 50638
    },
    "mainFontSizeScale": 1.0,
    "mainCharacterSpacingScale": 1.0,
    "mainLineSpacingScale": 1.0,
    "timerFont": {
        "instanceID": 50188
    },
    "timerFontSizeScale": 1.0,
    "timerCharacterSpacingScale": 1.0,
    "timerLineSpacingScale": 1.0,
    "menuBackgroundLayers": [
        {
            "sprite": {
                "instanceID": 51946
            },
            "color": {
                "r": 0.0,
                "g": 0.0,
                "b": 0.0,
                "a": 1.0
            },
            "position": {
                "x": -5.0,
                "y": 2.4000000953674318,
                "z": 0.0
            },
            "rotation": {
                "x": 0.0,
                "y": 0.0,
                "z": 0.0,
                "w": 0.0
            },
            "scale": {
                "x": 0.75,
                "y": 0.75,
                "z": 0.75
            }
        },
        {
            "sprite": {
                "instanceID": 51948
            },
            "color": {
                "r": 0.729411780834198,
                "g": 0.1568627506494522,
                "b": 0.16470588743686677,
                "a": 1.0
            },
            "position": {
                "x": -5.0,
                "y": 2.4000000953674318,
                "z": 0.0
            },
            "rotation": {
                "x": 0.0,
                "y": 0.0,
                "z": 0.0,
                "w": 0.0
            },
            "scale": {
                "x": 0.75,
                "y": 0.75,
                "z": 0.75
            }
        },
        {
            "sprite": {
                "instanceID": 51950
            },
            "color": {
                "r": 1.0,
                "g": 1.0,
                "b": 1.0,
                "a": 1.0
            },
            "position": {
                "x": -5.0,
                "y": 2.4000000953674318,
                "z": 0.0
            },
            "rotation": {
                "x": 0.0,
                "y": 0.0,
                "z": 0.0,
                "w": 0.0
            },
            "scale": {
                "x": 0.75,
                "y": 0.75,
                "z": 0.75
            }
        },
        {
            "sprite": {
                "instanceID": 51976
            },
            "color": {
                "r": 0.9019608497619629,
                "g": 0.501960813999176,
                "b": 0.46666669845581057,
                "a": 1.0
            },
            "position": {
                "x": 0.0,
                "y": 0.0,
                "z": 0.0
            },
            "rotation": {
                "x": 0.0,
                "y": 0.0,
                "z": 0.0,
                "w": 0.0
            },
            "scale": {
                "x": 1.0,
                "y": 1.0,
                "z": 1.0
            }
        }
    ],
    "levelBackgroundLayers": [
        {
            "sprite": {
                "instanceID": 51976
            },
            "color": {
                "r": 0.9019608497619629,
                "g": 0.501960813999176,
                "b": 0.46666669845581057,
                "a": 1.0
            },
            "position": {
                "x": 0.0,
                "y": 0.0,
                "z": 0.0
            },
            "rotation": {
                "x": 0.0,
                "y": 0.0,
                "z": 0.0,
                "w": 0.0
            },
            "scale": {
                "x": 1.0,
                "y": 1.0,
                "z": 1.0
            }
        }
    ],
    "taskListColors": [
        {
            "mainColor": {
                "r": 1.0,
                "g": 0.8509804606437683,
                "b": 0.2980392277240753,
                "a": 1.0
            },
            "itemColor": {
                "r": 1.0,
                "g": 0.9254902601242065,
                "b": 0.6666666865348816,
                "a": 1.0
            },
            "secondaryColor": {
                "r": 1.0,
                "g": 0.9254902601242065,
                "b": 0.6666666865348816,
                "a": 1.0
            },
            "scrollbarColor": {
                "r": 1.0,
                "g": 1.0,
                "b": 1.0,
                "a": 1.0
            },
            "countColor": {
                "r": 0.9019608497619629,
                "g": 0.501960813999176,
                "b": 0.46666669845581057,
                "a": 1.0
            },
            "taskColors": [
                {
                    "r": 1.0,
                    "g": 0.8509804606437683,
                    "b": 0.2980392277240753,
                    "a": 1.0
                },
                {
                    "r": 1.0,
                    "g": 0.6823529601097107,
                    "b": 0.2980392277240753,
                    "a": 1.0
                },
                {
                    "r": 0.729411780834198,
                    "g": 0.1568627506494522,
                    "b": 0.16470588743686677,
                    "a": 1.0
                },
                {
                    "r": 0.7372549176216126,
                    "g": 0.22745099663734437,
                    "b": 0.2549019753932953,
                    "a": 1.0
                }
            ]
        },
        {
            "mainColor": {
                "r": 0.7372549176216126,
                "g": 0.22745099663734437,
                "b": 0.2549019753932953,
                "a": 1.0
            },
            "itemColor": {
                "r": 0.9019608497619629,
                "g": 0.501960813999176,
                "b": 0.46666669845581057,
                "a": 1.0
            },
            "secondaryColor": {
                "r": 0.9019608497619629,
                "g": 0.501960813999176,
                "b": 0.46666669845581057,
                "a": 1.0
            },
            "scrollbarColor": {
                "r": 1.0,
                "g": 1.0,
                "b": 1.0,
                "a": 1.0
            },
            "countColor": {
                "r": 0.9019608497619629,
                "g": 0.501960813999176,
                "b": 0.46666669845581057,
                "a": 1.0
            },
            "taskColors": [
                {
                    "r": 0.729411780834198,
                    "g": 0.1568627506494522,
                    "b": 0.16470588743686677,
                    "a": 1.0
                },
                {
                    "r": 0.7372549176216126,
                    "g": 0.22745099663734437,
                    "b": 0.2549019753932953,
                    "a": 1.0
                },
                {
                    "r": 0.40392160415649416,
                    "g": 0.2705882489681244,
                    "b": 0.6078431606292725,
                    "a": 1.0
                },
                {
                    "r": 0.40392160415649416,
                    "g": 0.2705882489681244,
                    "b": 0.6078431606292725,
                    "a": 1.0
                }
            ]
        },
        {
            "mainColor": {
                "r": 0.40392160415649416,
                "g": 0.2705882489681244,
                "b": 0.6078431606292725,
                "a": 1.0
            },
            "itemColor": {
                "r": 0.6274510025978088,
                "g": 0.5176470875740051,
                "b": 0.7882353663444519,
                "a": 1.0
            },
            "secondaryColor": {
                "r": 0.6274510025978088,
                "g": 0.5176470875740051,
                "b": 0.7882353663444519,
                "a": 1.0
            },
            "scrollbarColor": {
                "r": 1.0,
                "g": 1.0,
                "b": 1.0,
                "a": 1.0
            },
            "countColor": {
                "r": 0.9019608497619629,