{
    "mainFont": {
        "instanceID": 50618
    },
    "mainFontSizeScale": 1.0,
    "mainCharacterSpacingScale": 1.0,
    "timerFont": {
        "instanceID": 50174
    },
    "timerFontSizeScale": 1.0,
    "timerCharacterSpacingScale": 1.0,
    "menuBackground": {
        "instanceID": 51266
    },
    "levelBackground": {
        "instanceID": 51266
    },
    "menuBackgroundColor": {
        "r": 0.9019608497619629,
        "g": 0.501960813999176,
        "b": 0.46666669845581057,
        "a": 1.0
    },
    "backgroundColor": {
        "r": 0.9019608497619629,
        "g": 0.501960813999176,
        "b": 0.46666669845581057,
        "a": 1.0
    },
    "gridCellColor": {
        "r": 0.3349056839942932,
        "g": 0.09245659410953522,
        "b": 0.07898719608783722,
        "a": 0.8823529481887817
    },
    "fixedGridCellColor": {
        "r": 0.5047169923782349,
        "g": 0.3018779158592224,
        "b": 0.16665184497833253,
        "a": 0.8823529481887817
    },
    "brightTextColor": {
        "r": 1.0,
        "g": 0.9893701672554016,
        "b": 0.849056601524353,
        "a": 1.0
    },
    "darkTextColor": {
        "r": 0.23113209009170533,
        "g": 0.01712089404463768,
        "b": 0.0,
        "a": 1.0
    },
    "dailyTaskListColor": {
        "r": 1.0,
        "g": 0.8493935465812683,
        "b": 0.2971698045730591,
        "a": 1.0
    },
    "dailyTaskListSecondaryColor": {
        "r": 1.0,
        "g": 0.9274371266365051,
        "b": 0.6650943756103516,
        "a": 1.0
    },
    "weeklyTaskListColor": {
        "r": 0.7358490228652954,
        "g": 0.22908508777618409,
        "b": 0.2548317611217499,
        "a": 1.0
    },
    "weeklyTaskListSecondaryColor": {
        "r": 0.9019608497619629,
        "g": 0.501960813999176,
        "b": 0.46666669845581057,
        "a": 1.0
    },
    "bonusTaskListColor": {
        "r": 0.4019734561443329,
        "g": 0.26980242133140566,
        "b": 0.6084905862808228,
        "a": 1.0
    },
    "bonusTaskListSecondaryColor": {
        "r": 0.6256911754608154,
        "g": 0.516487181186676,
        "b": 0.7877358198165894,
        "a": 1.0
    },
    "taskListScrollbarColor": {
        "r": 1.0,
        "g": 1.0,
        "b": 1.0,
        "a": 1.0
    },
    "taskListCounterColor": {
        "r": 0.9019607901573181,
        "g": 0.501960813999176,
        "b": 0.46666666865348818,
        "a": 1.0
    },
    "requiredTask1Color": {
        "r": 1.0,
        "g": 0.8509804606437683,
        "b": 0.2980392277240753,
        "a": 1.0
    },
    "requiredTask2Color": {
        "r": 1.0,
        "g": 0.6823529601097107,
        "b": 0.2980392277240753,
        "a": 1.0
    },
    "requiredTask3Color": {
        "r": 0.729411780834198,
        "g": 0.1568627506494522,
        "b": 0.16470588743686677,
        "a": 1.0
    },
    "requiredTask4Color": {
        "r": 0.7372549176216126,
        "g": 0.22745099663734437,
        "b": 0.2549019753932953,
        "a": 1.0
    },
    "bonusTask1Color": {
        "r": 0.40392160415649416,
        "g": 0.2705882489681244,
        "b": 0.6078431606292725,
        "a": 1.0
    },
    "bonusTask2Color": {
        "r": 0.40392160415649416,
        "g": 0.2705882489681244,
        "b": 0.6078431606292725,
        "a": 1.0
    },
    "bonusTask3Color": {
        "r": 0.9019608497619629,
        "g": 0.501960813999176,
        "b": 0.46666669845581057,
        "a": 1.0
    },
    "bonusTask4Color": {
        "r": 0.9019608497619629,
        "g": 0.501960813999176,
        "b": 0.46666669845581057,
        "a": 1.0
    },
    "fixedActivityColor": {
        "r": 0.45755434036254885,
        "g": 0.37079477310180666,
        "b": 0.47641509771347048,
        "a": 1.0
    },
    "fixedActivityBorderColor": {
        "r": 0.23360824584960938,
        "g": 0.1882352977991104,
        "b": 0.239215686917305,
        "a": 1.0
    },
    "timeHandColor": {
        "r": 1.0,
        "g": 0.6936373114585877,
        "b": 0.46698111295700076,
        "a": 1.0
    },
    "timeHandFastColor": {
        "r": 1.0,
        "g": 0.9816232919692993,
        "b": 0.46666669845581057,
        "a": 1.0
    },
    "pauseButtonColor": {
        "r": 0.7372549176216126,
        "g": 0.22745099663734437,
        "b": 0.2549019753932953,
        "a": 1.0
    },
    "helpButtonColor": {
        "r": 0.40392160415649416,
        "g": 0.2705882489681244,
        "b": 0.6078431606292725,
        "a": 1.0
    },
    "resourceBarBackgroundColor": {
        "r": 0.3333333432674408,
        "g": 0.0941176563501358,
        "b": 0.0784313753247261,
        "a": 1.0
    },
    "happinessBars": [
        {
            "fill": {
                "r": 0.7372549176216126,
                "g": 0.22745099663734437,
                "b": 0.2549019753932953,
                "a": 1.0
            },
            "change": {
                "r": 1.0,
                "g": 1.0,
                "b": 1.0,
                "a": 1.0
            },
            "min": 0.0,
            "max": 100.0
        },
        {
            "fill": {
                "r": 0.40392160415649416,
                "g": 0.2705882489681244,
                "b": 0.6078431606292725,
                "a": 1.0
            },
            "change": {
                "r": 1.0,
                "g": 0.6823529601097107,
                "b": 0.2980392277240753,
                "a": 1.0
            },
            "min": 100.0,
            "max": 200.0
        }
    ],
    "moneyBars": [
        {
            "fill": {
                "r": 1.0,
                "g": 0.8509804606437683,
                "b": 0.2980392277240753,
                "a": 1.0
            },
            "change": {
                "r": 1.0,
                "g": 1.0,
                "b": 1.0,
                "a": 1.0
            },
            "min": 0.0,
            "max": 1400.0
        },
        {
            "fill": {
                "r": 1.0,
                "g": 0.8509804606437683,
                "b": 0.2980392277240753,
                "a": 1.0
            },
            "change": {
                "r": 1.0,
                "g": 1.0,
                "b": 1.0,
                "a": 1.0
            },
            "min": 1400.0,
            "max": 4200.0
        },
        {
            "fill": {
                "r": 1.0,
                "g": 0.8509804606437683,
                "b": 0.2980392277240753,
                "a": 1.0
            },
            "change": {
                "r": 1.0,
                "g": 1.0,
                "b": 1.0,
                "a": 1.0
            },
            "min": 4200.0,
            "max": 12600.0
        }
    ],
    "weekBars": [
        {
            "fill": {
                "r": 0.40392160415649416,
                "g": 0.2705882489681244,
                "b": 0.6078431606292725,
                "a": 1.0
            },
            "change": {
                "r": 1.0,
                "g": 1.0,
                "b": 1.0,
                "a": 1.0
            },
            "min": 0.0,
            "max": 16.0
        }
    ]
}