{
    "music": {
        "instanceID": 50890
    },
    "mainFont": {
        "instanceID": 50892
    },
    "mainFontSizeScale": 0.949999988079071,
    "mainCharacterSpacingScale": 1.0,
    "timerFont": {
        "instanceID": 50630
    },
    "timerFontSizeScale": 1.0,
    "timerCharacterSpacingScale": 1.0,
    "menuBackgroundLayers": [
        {
            "sprite": {
                "instanceID": 50632
            },
            "color": {
                "r": 1.0,
                "g": 1.0,
                "b": 1.0,
                "a": 1.0
            },
            "position": {
                "x": -5.0,
                "y": 2.4000000953674318,
                "z": 0.0
            },
            "rotation": {
                "x": 0.0,
                "y": 0.0,
                "z": 0.0,
                "w": 0.0
            },
            "scale": {
                "x": 0.75,
                "y": 0.75,
                "z": 0.75
            }
        },
        {
            "sprite": {
                "instanceID": 50634
            },
            "color": {
                "r": 0.7843137979507446,
                "g": 1.0,
                "b": 0.501960813999176,
                "a": 1.0
            },
            "position": {
                "x": -5.0,
                "y": 2.4000000953674318,
                "z": 0.0
            },
            "rotation": {
                "x": 0.0,
                "y": 0.0,
                "z": 0.0,
                "w": 0.0
            },
            "scale": {
                "x": 0.75,
                "y": 0.75,
                "z": 0.75
            }
        },
        {
            "sprite": {
                "instanceID": 50636
            },
            "color": {
                "r": 0.0784313753247261,
                "g": 0.0784313753247261,
                "b": 0.0784313753247261,
                "a": 1.0
            },
            "position": {
                "x": -5.0,
                "y": 2.4000000953674318,
                "z": 0.0
            },
            "rotation": {
                "x": 0.0,
                "y": 0.0,
                "z": 0.0,
                "w": 0.0
            },
            "scale": {
                "x": 0.75,
                "y": 0.75,
                "z": 0.75
            }
        },
        {
            "sprite": {
                "instanceID": 50894
            },
            "color": {
                "r": 1.0,
                "g": 1.0,
                "b": 1.0,
                "a": 1.0
            },
            "position": {
                "x": 0.0,
                "y": 0.0,
                "z": 0.0
            },
            "rotation": {
                "x": 0.0,
                "y": 0.0,
                "z": 0.0,
                "w": 0.0
            },
            "scale": {
                "x": 1.0,
                "y": 1.0,
                "z": 1.0
            }
        }
    ],
    "levelBackgroundLayers": [
        {
            "sprite": {
                "instanceID": 50894
            },
            "color": {
                "r": 1.0,
                "g": 1.0,
                "b": 1.0,
                "a": 1.0
            },
            "position": {
                "x": 0.0,
                "y": 0.0,
                "z": 0.0
            },
            "rotation": {
                "x": 0.0,
                "y": 0.0,
                "z": 0.0,
                "w": 0.0
            },
            "scale": {
                "x": 1.0,
                "y": 1.0,
                "z": 1.0
            }
        }
    ],
    "gridCellColor": {
        "r": 0.0784313753247261,
        "g": 0.0784313753247261,
        "b": 0.0784313753247261,
        "a": 1.0
    },
    "fixedGridCellColor": {
        "r": 0.0,
        "g": 0.0,
        "b": 0.0,
        "a": 0.0
    },
    "brightTextColor": {
        "r": 0.7843137383460999,
        "g": 1.0,
        "b": 0.501960813999176,
        "a": 1.0
    },
    "darkTextColor": {
        "r": 0.0,
        "g": 0.0,
        "b": 0.0,
        "a": 1.0
    },
    "dailyTaskListColor": {
        "r": 0.0784313753247261,
        "g": 0.0784313753247261,
        "b": 0.0784313753247261,
        "a": 1.0
    },
    "dailyTaskListSecondaryColor": {
        "r": 0.0784313753247261,
        "g": 0.5803921818733215,
        "b": 0.0784313753247261,
        "a": 1.0
    },
    "weeklyTaskListColor": {
        "r": 0.0784313753247261,
        "g": 0.0784313753247261,
        "b": 0.0784313753247261,
        "a": 1.0
    },
    "weeklyTaskListSecondaryColor": {
        "r": 0.0784313753247261,
        "g": 0.5803921818733215,
        "b": 0.0784313753247261,
        "a": 1.0
    },
    "bonusTaskListColor": {
        "r": 0.0784313753247261,
        "g": 0.0784313753247261,
        "b": 0.0784313753247261,
        "a": 1.0
    },
    "bonusTaskListSecondaryColor": {
        "r": 0.18431372940540315,
        "g": 0.6549019813537598,
        "b": 0.5411764979362488,
        "a": 1.0
    },
    "taskListScrollbarColor": {
        "r": 0.501960813999176,
        "g": 0.0784313753247261,
        "b": 0.0784313753247261,
        "a": 1.0
    },
    "taskListCounterColor": {
        "r": 0.501960813999176,
        "g": 0.0784313753247261,
        "b": 0.0784313753247261,
        "a": 1.0
    },
    "requiredTask1Color": {
        "r": 0.0784313753247261,
        "g": 0.5803921818733215,
        "b": 0.0784313753247261,
        "a": 1.0
    },
    "requiredTask2Color": {
        "r": 0.0784313753247261,
        "g": 0.5803921818733215,
        "b": 0.0784313753247261,
        "a": 1.0
    },
    "requiredTask3Color": {
        "r": 0.0784313753247261,
        "g": 0.5803921818733215,
        "b": 0.0784313753247261,
        "a": 1.0
    },
    "requiredTask4Color": {
        "r": 0.0784313753247261,
        "g": 0.5803921818733215,
        "b": 0.0784313753247261,
        "a": 1.0
    },
    "bonusTask1Color": {
        "r": 0.18247152864933015,
        "g": 0.6556603908538818,
        "b": 0.5415405631065369,
        "a": 1.0
    },
    "bonusTask2Color": {
        "r": 0.18431372940540315,
        "g": 0.6549019813537598,
        "b": 0.5411764979362488,
        "a": 1.0
    },
    "bonusTask3Color": {
        "r": 0.18431372940540315,
        "g": 0.6549019813537598,
        "b": 0.5411764979362488,
        "a": 1.0
    },
    "bonusTask4Color": {
        "r": 0.18431372940540315,
        "g": 0.6549019813537598,
        "b": 0.5411764979362488,
        "a": 1.0
    },
    "fixedActivityColor": {
        "r": 0.250980406999588,
        "g": 0.0784313753247261,
        "b": 0.0784313753247261,
        "a": 1.0
    },
    "fixedActivityBorderColor": {
        "r": 0.501960813999176,
        "g": 0.0784313753247261,
        "b": 0.0784313753247261,
        "a": 1.0
    },
    "timeHandColor": {
        "r": 0.501960813999176,
        "g": 0.0784313753247261,
        "b": 0.0784313753247261,
        "a": 1.0
    },
    "timeHandFastColor": {
        "r": 0.7405660152435303,
        "g": 0.23055359721183778,
        "b": 0.3412160873413086,
        "a": 1.0
    },
    "pauseButtonColor": {
        "r": 0.501960813999176,
        "g": 0.0784313753247261,
        "b": 0.0784313753247261,
        "a": 1.0
    },
    "helpButtonColor": {
        "r": 0.0784313753247261,
        "g": 0.5803921818733215,
        "b": 0.0784313753247261,
        "a": 1.0
    },
    "resourceBarBackgroundColor": {
        "r": 0.0784313753247261,
        "g": 0.0784313753247261,
        "b": 0.0784313753247261,
        "a": 1.0
    },
    "resourceBarColors": [
        {
            "resourceBars": [
                {
                    "fill": {
                        "r": 0.18431372940540315,
                        "g": 0.6549019813537598,
                        "b": 0.5411764979362488,
                        "a": 1.0
                    },
                    "change": {
                        "r": 1.0,
                        "g": 1.0,