{
    "mainFont": {
        "instanceID": 50760
    },
    "mainFontSizeScale": 0.949999988079071,
    "mainCharacterSpacingScale": 1.0,
    "mainLineSpacingScale": 1.0,
    "timerFont": {
        "instanceID": 50192
    },
    "timerFontSizeScale": 1.0,
    "timerCharacterSpacingScale": 1.0,
    "timerLineSpacingScale": 1.0,
    "menuBackgroundLayers": [
        {
            "sprite": {
                "instanceID": 52000
            },
            "color": {
                "r": 1.0,
                "g": 1.0,
                "b": 1.0,
                "a": 1.0
            },
            "position": {
                "x": -5.0,
                "y": 2.4000000953674318,
                "z": 0.0
            },
            "rotation": {
                "x": 0.0,
                "y": 0.0,
                "z": 0.0,
                "w": 0.0
            },
            "scale": {
                "x": 0.75,
                "y": 0.75,
                "z": 0.75
            }
        },
        {
            "sprite": {
                "instanceID": 52002
            },
            "color": {
                "r": 0.7843137979507446,
                "g": 1.0,
                "b": 0.501960813999176,
                "a": 1.0
            },
            "position": {
                "x": -5.0,
                "y": 2.4000000953674318,
                "z": 0.0
            },
            "rotation": {
                "x": 0.0,
                "y": 0.0,
                "z": 0.0,
                "w": 0.0
            },
            "scale": {
                "x": 0.75,
                "y": 0.75,
                "z": 0.75
            }
        },
        {
            "sprite": {
                "instanceID": 52004
            },
            "color": {
                "r": 0.0784313753247261,
                "g": 0.0784313753247261,
                "b": 0.0784313753247261,
                "a": 1.0
            },
            "position": {
                "x": -5.0,
                "y": 2.4000000953674318,
                "z": 0.0
            },
            "rotation": {
                "x": 0.0,
                "y": 0.0,
                "z": 0.0,
                "w": 0.0
            },
            "scale": {
                "x": 0.75,
                "y": 0.75,
                "z": 0.75
            }
        },
        {
            "sprite": {
                "instanceID": 52050
            },
            "color": {
                "r": 1.0,
                "g": 1.0,
                "b": 1.0,
                "a": 1.0
            },
            "position": {
                "x": 0.0,
                "y": 0.0,
                "z": 0.0
            },
            "rotation": {
                "x": 0.0,
                "y": 0.0,
                "z": 0.0,
                "w": 0.0
            },
            "scale": {
                "x": 1.0,
                "y": 1.0,
                "z": 1.0
            }
        }
    ],
    "levelBackgroundLayers": [
        {
            "sprite": {
                "instanceID": 52050
            },
            "color": {
                "r": 1.0,
                "g": 1.0,
                "b": 1.0,
                "a": 1.0
            },
            "position": {
                "x": 0.0,
                "y": 0.0,
                "z": 0.0
            },
            "rotation": {
                "x": 0.0,
                "y": 0.0,
                "z": 0.0,
                "w": 0.0
            },
            "scale": {
                "x": 1.0,
                "y": 1.0,
                "z": 1.0
            }
        }
    ],
    "taskListColors": [
        {
            "mainColor": {
                "r": 0.0784313753247261,
                "g": 0.0784313753247261,
                "b": 0.0784313753247261,
                "a": 1.0
            },
            "itemColor": {
                "r": 0.0784313753247261,
                "g": 0.5803921818733215,
                "b": 0.0784313753247261,
                "a": 1.0
            },
            "scrollbarColor": {
                "r": 0.501960813999176,
                "g": 0.0784313753247261,
                "b": 0.0784313753247261,
                "a": 1.0
            },
            "countColor": {
                "r": 0.501960813999176,
                "g": 0.0784313753247261,
                "b": 0.0784313753247261,
                "a": 1.0
            },
            "taskColors": [
                {
                    "r": 0.0784313753247261,
                    "g": 0.5803921818733215,
                    "b": 0.0784313753247261,
                    "a": 1.0
                },
                {
                    "r": 0.0784313753247261,
                    "g": 0.5803921818733215,
                    "b": 0.0784313753247261,
                    "a": 1.0
                },
                {
                    "r": 0.0784313753247261,
                    "g": 0.5803921818733215,
                    "b": 0.0784313753247261,
                    "a": 1.0
                },
                {
                    "r": 0.0784313753247261,
                    "g": 0.5803921818733215,
                    "b": 0.0784313753247261,
                    "a": 1.0
                }
            ]
        },
        {
            "mainColor": {
                "r": 0.0784313753247261,
                "g": 0.0784313753247261,
                "b": 0.0784313753247261,
                "a": 1.0
            },
            "itemColor": {
                "r": 0.698113203048706,
                "g": 0.6253032684326172,
                "b": 0.1251334249973297,
                "a": 1.0
            },
            "scrollbarColor": {
                "r": 0.501960813999176,
                "g": 0.0784313753247261,
                "b": 0.0784313753247261,
                "a": 1.0
            },
            "countColor": {
                "r": 0.501960813999176,
                "g": 0.0784313753247261,
                "b": 0.0784313753247261,
                "a": 1.0
            },
            "taskColors": [
                {
                    "r": 0.6980392336845398,
                    "g": 0.6235294342041016,
                    "b": 0.125490203499794,
                    "a": 1.0
                },
                {
                    "r": 0.6980392336845398,
                    "g": 0.6235294342041016,
                    "b": 0.125490203499794,
                    "a": 1.0
                },
                {
                    "r": 0.6980392336845398,
                    "g": 0.6235294342041016,
                    "b": 0.125490203499794,
                    "a": 1.0
                },
                {
                    "r": 0.6980392336845398,
                    "g": 0.6235294342041016,
                    "b": 0.125490203499794,
                    "a": 1.0
                }
            ]
        },
        {
            "mainColor": {
                "r": 0.0784313753247261,
                "g": 0.0784313753247261,
                "b": 0.0784313753247261,
                "a": 1.0
            },
            "itemColor": {
                "r": 0.18431372940540315,
                "g": 0.6549019813537598,
                "b": 0.5411764979362488,
                "a": 1.0
            },
            "scrollbarColor": {
                "r": 0.501960813999176,
                "g": 0.0784313753247261,
                "b": 0.0784313753247261,
                "a": 1.0
            },
            "countColor": {
                "r": 0.501960813999176,
                "g": 0.0784313753247261,
                "b": 0.0784313753247261,
                "a": 1.0
            },
            "taskColors": [
                {
                    "r": 0.18431372940540315,
                    "g": 0.6549019813537598,
                    "b": 0.5411764979362488,
                    "a": 1.0
                },
                {
                    "r": 0.18431372940540315,
                    "g": 0.6549019813537598,