{
    "mainFont": {
        "instanceID": 50628
    },
    "mainFontSizeScale": 1.0,
    "mainCharacterSpacingScale": 1.0,
    "timerFont": {
        "instanceID": 50178
    },
    "timerFontSizeScale": 1.0,
    "timerCharacterSpacingScale": 1.0,
    "menuBackgroundLayers": [
        {
            "sprite": {
                "instanceID": 51962
            },
            "color": {
                "r": 0.0,
                "g": 0.0,
                "b": 0.0,
                "a": 1.0
            },
            "position": {
                "x": -5.0,
                "y": 2.4000000953674318,
                "z": 0.0
            },
            "rotation": {
                "x": 0.0,
                "y": 0.0,
                "z": 0.0,
                "w": 0.0
            },
            "scale": {
                "x": 0.75,
                "y": 0.75,
                "z": 0.75
            }
        },
        {
            "sprite": {
                "instanceID": 51964
            },
            "color": {
                "r": 0.3803921937942505,
                "g": 0.7019608020782471,
                "b": 0.4705882668495178,
                "a": 1.0
            },
            "position": {
                "x": -5.0,
                "y": 2.4000000953674318,
                "z": 0.0
            },
            "rotation": {
                "x": 0.0,
                "y": 0.0,
                "z": 0.0,
                "w": 0.0
            },
            "scale": {
                "x": 0.75,
                "y": 0.75,
                "z": 0.75
            }
        },
        {
            "sprite": {
                "instanceID": 51966
            },
            "color": {
                "r": 1.0,
                "g": 1.0,
                "b": 1.0,
                "a": 1.0
            },
            "position": {
                "x": -5.0,
                "y": 2.4000000953674318,
                "z": 0.0
            },
            "rotation": {
                "x": 0.0,
                "y": 0.0,
                "z": 0.0,
                "w": 0.0
            },
            "scale": {
                "x": 0.75,
                "y": 0.75,
                "z": 0.75
            }
        },
        {
            "sprite": {
                "instanceID": 51970
            },
            "color": {
                "r": 0.9490196704864502,
                "g": 1.0,
                "b": 0.9411765336990356,
                "a": 1.0
            },
            "position": {
                "x": 0.0,
                "y": 0.0,
                "z": 0.0
            },
            "rotation": {
                "x": 0.0,
                "y": 0.0,
                "z": 0.0,
                "w": 0.0
            },
            "scale": {
                "x": 1.0,
                "y": 1.0,
                "z": 1.0
            }
        },
        {
            "sprite": {
                "instanceID": 51972
            },
            "color": {
                "r": 0.9224056601524353,
                "g": 1.0,
                "b": 0.9113207459449768,
                "a": 1.0
            },
            "position": {
                "x": 0.0,
                "y": 0.0,
                "z": 0.0
            },
            "rotation": {
                "x": 0.0,
                "y": 0.0,
                "z": 0.0,
                "w": 0.0
            },
            "scale": {
                "x": 1.0,
                "y": 1.0,
                "z": 1.0
            }
        }
    ],
    "levelBackgroundLayers": [
        {
            "sprite": {
                "instanceID": 51970
            },
            "color": {
                "r": 0.9490196704864502,
                "g": 1.0,
                "b": 0.9411765336990356,
                "a": 1.0
            },
            "position": {
                "x": 0.0,
                "y": 0.0,
                "z": 0.0
            },
            "rotation": {
                "x": 0.0,
                "y": 0.0,
                "z": 0.0,
                "w": 0.0
            },
            "scale": {
                "x": 1.0,
                "y": 1.0,
                "z": 1.0
            }
        },
        {
            "sprite": {
                "instanceID": 51972
            },
            "color": {
                "r": 0.9215686917304993,
                "g": 1.0,
                "b": 0.9098039865493774,
                "a": 1.0
            },
            "position": {
                "x": 0.0,
                "y": 0.0,
                "z": 0.0
            },
            "rotation": {
                "x": 0.0,
                "y": 0.0,
                "z": 0.0,
                "w": 0.0
            },
            "scale": {
                "x": 1.0,
                "y": 1.0,
                "z": 1.0
            }
        }
    ],
    "taskListColors": [
        {
            "mainColor": {
                "r": 0.7960785031318665,
                "g": 0.9098039865493774,
                "b": 0.2392157018184662,
                "a": 1.0
            },
            "itemColor": {
                "r": 0.0,
                "g": 0.0,
                "b": 0.0,
                "a": 0.0
            },
            "scrollbarColor": {
                "r": 1.0,
                "g": 1.0,
                "b": 1.0,
                "a": 1.0
            },
            "countColor": {
                "r": 0.9019608497619629,
                "g": 0.501960813999176,
                "b": 0.46666669845581057,
                "a": 1.0
            },
            "taskColors": [
                {
                    "r": 0.7960785031318665,
                    "g": 0.9098039865493774,
                    "b": 0.2392157018184662,
                    "a": 1.0
                },
                {
                    "r": 0.545098066329956,
                    "g": 0.7725490927696228,
                    "b": 0.3137255012989044,
                    "a": 1.0
                },
                {
                    "r": 0.3019607961177826,
                    "g": 0.7176470756530762,
                    "b": 0.27843138575553896,
                    "a": 1.0
                },
                {
                    "r": 0.09803922474384308,
                    "g": 0.7372549176216126,
                    "b": 0.35686275362968447,
                    "a": 1.0
                }
            ]
        },
        {
            "mainColor": {
                "r": 0.3803921937942505,
                "g": 0.7019608020782471,
                "b": 0.4705882668495178,
                "a": 1.0
            },
            "itemColor": {
                "r": 0.0,
                "g": 0.0,
                "b": 0.0,
                "a": 0.0
            },
            "scrollbarColor": {
                "r": 1.0,
                "g": 1.0,
                "b": 1.0,
                "a": 1.0
            },
            "countColor": {
                "r": 0.9019608497619629,
                "g": 0.501960813999176,
                "b": 0.46666669845581057,
                "a": 1.0
            },
            "taskColors": [
                {
                    "r": 0.0,
                    "g": 0.0,
                    "b": 0.0,
                    "a": 0.0
                },
                {
                    "r": 0.0,
                    "g": 0.0,
                    "b": 0.0,
                    "a": 0.0
                },
                {
                    "r": 0.0,
                    "g": 0.0,
                    "b": 0.0,
                    "a": 0.0
                },
                {
                    "r": 0.0,
                    "g": 0.0,
                    "b": 0.0,
                    "a": 0.0
                }
            ]
        },
        {
            "mainColor": {
                "r": 0.7686275243759155,
                "g": 0.6627451181411743,
                "b": 0.9450981020927429,
                "a": 1.0
            },