{
    "mainFont": {
        "instanceID": 58908
    },
    "mainFontSizeScale": 1.0,
    "mainCharacterSpacingScale": 1.0,
    "timerFont": {
        "instanceID": 58910
    },
    "timerFontSizeScale": 1.0,
    "timerCharacterSpacingScale": 1.0,
    "menuBackgroundLayers": [
        {
            "sprite": {
                "instanceID": 85154
            },
            "color": {
                "r": 0.0,
                "g": 0.0,
                "b": 0.0,
                "a": 1.0
            },
            "position": {
                "x": -5.0,
                "y": 2.4000000953674318,
                "z": 0.0
            },
            "rotation": {
                "x": 0.0,
                "y": 0.0,
                "z": 0.0,
                "w": 0.0
            },
            "scale": {
                "x": 0.75,
                "y": 0.75,
                "z": 0.75
            }
        },
        {
            "sprite": {
                "instanceID": 85156
            },
            "color": {
                "r": 0.3803921937942505,
                "g": 0.7019608020782471,
                "b": 0.4705882668495178,
                "a": 1.0
            },
            "position": {
                "x": -5.0,
                "y": 2.4000000953674318,
                "z": 0.0
            },
            "rotation": {
                "x": 0.0,
                "y": 0.0,
                "z": 0.0,
                "w": 0.0
            },
            "scale": {
                "x": 0.75,
                "y": 0.75,
                "z": 0.75
            }
        },
        {
            "sprite": {
                "instanceID": 85152
            },
            "color": {
                "r": 1.0,
                "g": 1.0,
                "b": 1.0,
                "a": 1.0
            },
            "position": {
                "x": -5.0,
                "y": 2.4000000953674318,
                "z": 0.0
            },
            "rotation": {
                "x": 0.0,
                "y": 0.0,
                "z": 0.0,
                "w": 0.0
            },
            "scale": {
                "x": 0.75,
                "y": 0.75,
                "z": 0.75
            }
        },
        {
            "sprite": {
                "instanceID": 58914
            },
            "color": {
                "r": 0.9490196704864502,
                "g": 1.0,
                "b": 0.9411765336990356,
                "a": 1.0
            },
            "position": {
                "x": 0.0,
                "y": 0.0,
                "z": 0.0
            },
            "rotation": {
                "x": 0.0,
                "y": 0.0,
                "z": 0.0,
                "w": 0.0
            },
            "scale": {
                "x": 1.0,
                "y": 1.0,
                "z": 1.0
            }
        },
        {
            "sprite": {
                "instanceID": 58916
            },
            "color": {
                "r": 0.9224056601524353,
                "g": 1.0,
                "b": 0.9113207459449768,
                "a": 1.0
            },
            "position": {
                "x": 0.0,
                "y": 0.0,
                "z": 0.0
            },
            "rotation": {
                "x": 0.0,
                "y": 0.0,
                "z": 0.0,
                "w": 0.0
            },
            "scale": {
                "x": 1.0,
                "y": 1.0,
                "z": 1.0
            }
        }
    ],
    "levelBackgroundLayers": [
        {
            "sprite": {
                "instanceID": 58914
            },
            "color": {
                "r": 0.9490196704864502,
                "g": 1.0,
                "b": 0.9411765336990356,
                "a": 1.0
            },
            "position": {
                "x": 0.0,
                "y": 0.0,
                "z": 0.0
            },
            "rotation": {
                "x": 0.0,
                "y": 0.0,
                "z": 0.0,
                "w": 0.0
            },
            "scale": {
                "x": 1.0,
                "y": 1.0,
                "z": 1.0
            }
        },
        {
            "sprite": {
                "instanceID": 58916
            },
            "color": {
                "r": 0.9215686917304993,
                "g": 1.0,
                "b": 0.9098039865493774,
                "a": 1.0
            },
            "position": {
                "x": 0.0,
                "y": 0.0,
                "z": 0.0
            },
            "rotation": {
                "x": 0.0,
                "y": 0.0,
                "z": 0.0,
                "w": 0.0
            },
            "scale": {
                "x": 1.0,
                "y": 1.0,
                "z": 1.0
            }
        }
    ],
    "gridCellColor": {
        "r": 0.8856598138809204,
        "g": 1.0,
        "b": 0.8784313797950745,
        "a": 1.0
    },
    "fixedGridCellColor": {
        "r": 0.8711055517196655,
        "g": 0.9198113083839417,
        "b": 0.8677465319633484,
        "a": 1.0
    },
    "brightTextColor": {
        "r": 1.0,
        "g": 1.0,
        "b": 1.0,
        "a": 1.0
    },
    "darkTextColor": {
        "r": 0.0,
        "g": 0.0,
        "b": 0.0,
        "a": 1.0
    },
    "dailyTaskListColor": {
        "r": 0.7960784435272217,
        "g": 0.9098039269447327,
        "b": 0.239215686917305,
        "a": 1.0
    },
    "dailyTaskListSecondaryColor": {
        "r": 0.9277905225753784,
        "g": 1.0,
        "b": 0.5707547068595886,
        "a": 1.0
    },
    "weeklyTaskListColor": {
        "r": 0.3803921639919281,
        "g": 0.7019608020782471,
        "b": 0.4690816402435303,
        "a": 1.0
    },
    "weeklyTaskListSecondaryColor": {
        "r": 0.5301931500434876,
        "g": 0.7971698045730591,
        "b": 0.6050768494606018,
        "a": 1.0
    },
    "bonusTaskListColor": {
        "r": 0.7683623433113098,
        "g": 0.6627451181411743,
        "b": 0.9450980424880981,
        "a": 1.0
    },
    "bonusTaskListSecondaryColor": {
        "r": 0.8773584961891174,
        "g": 0.801886796951294,
        "b": 1.0,
        "a": 1.0
    },
    "taskListScrollbarColor": {
        "r": 1.0,
        "g": 1.0,
        "b": 1.0,
        "a": 1.0
    },
    "taskListCounterColor": {
        "r": 0.9019607901573181,
        "g": 0.501960813999176,
        "b": 0.46666666865348818,
        "a": 1.0
    },
    "requiredTask1Color": {
        "r": 0.7960785031318665,
        "g": 0.9098039865493774,
        "b": 0.2392157018184662,
        "a": 1.0
    },
    "requiredTask2Color": {
        "r": 0.545098066329956,
        "g": 0.7725490927696228,
        "b": 0.3137255012989044,
        "a": 1.0
    },
    "requiredTask3Color": {
        "r": 0.3019607961177826,
        "g": 0.7176470756530762,
        "b": 0.27843138575553896,
        "a": 1.0
    },
    "requiredTask4Color": {
        "r": 0.09803922474384308,
        "g": 0.7372549176216126,
        "b": 0.35686275362968447,
        "a": 1.0
    },
    "bonusTask1Color": {
        "r": 0.7686275243759155,
        "g": 0.6627451181411743,
        "b": 0.9450981020927429,
        "a": 1.0
    },
    "bonusTask2Color": {
        "r": 0.9764706492424011,
        "g": 0.6392157077789307,
        "b": 0.9568628072738648,
        "a": 1.0
    },
    "bonusTask3Color": {
        "r": 0.9339622855186462,
        "g": 0.541874349117279,
        "b": 0.6369242072105408,
        "a": 1.0
    },
    "bonusTask4Color": {
        "r": 0.9019608497619629,
        "g": 0.501960813999176,
        "b": 0.46666669845581057,
        "a": 1.0
    },
    "fixedActivityColor": {
        "r": 0.4793965816497803,
        "g": 0.6273584961891174,
        "b": 0.5083978176116943,
        "a": 1.0
    },
    "fixedActivityBorderColor": {
        "r": 0.26982465386390688,
        "g": 0.31603771448135378,
        "b": 0.2893741726875305,
        "a": 1.0
    },