{
    "mainFont": {
        "instanceID": 50638
    },
    "mainFontSizeScale": 1.0,
    "mainCharacterSpacingScale": 1.0,
    "mainLineSpacingScale": 1.0,
    "timerFont": {
        "instanceID": 50188
    },
    "timerFontSizeScale": 1.0,
    "timerCharacterSpacingScale": 1.0,
    "timerLineSpacingScale": 1.0,
    "menuBackgroundLayers": [
        {
            "sprite": {
                "instanceID": 52034
            },
            "color": {
                "r": 0.09803922474384308,
                "g": 0.7372549176216126,
                "b": 0.35686275362968447,
                "a": 1.0
            },
            "position": {
                "x": -5.0,
                "y": 2.4000000953674318,
                "z": 0.0
            },
            "rotation": {
                "x": 0.0,
                "y": 0.0,
                "z": 0.0,
                "w": 0.0
            },
            "scale": {
                "x": 0.75,
                "y": 0.75,
                "z": 0.75
            }
        },
        {
            "sprite": {
                "instanceID": 52036
            },
            "color": {
                "r": 0.6196078658103943,
                "g": 0.8784314393997192,
                "b": 0.458823561668396,
                "a": 1.0
            },
            "position": {
                "x": -5.0,
                "y": 2.4000000953674318,
                "z": 0.0
            },
            "rotation": {
                "x": 0.0,
                "y": 0.0,
                "z": 0.0,
                "w": 0.0
            },
            "scale": {
                "x": 0.75,
                "y": 0.75,
                "z": 0.75
            }
        },
        {
            "sprite": {
                "instanceID": 52038
            },
            "color": {
                "r": 1.0,
                "g": 1.0,
                "b": 1.0,
                "a": 1.0
            },
            "position": {
                "x": -5.0,
                "y": 2.4000000953674318,
                "z": 0.0
            },
            "rotation": {
                "x": 0.0,
                "y": 0.0,
                "z": 0.0,
                "w": 0.0
            },
            "scale": {
                "x": 0.75,
                "y": 0.75,
                "z": 0.75
            }
        },
        {
            "sprite": {
                "instanceID": 52094
            },
            "color": {
                "r": 0.9490196704864502,
                "g": 1.0,
                "b": 0.9411765336990356,
                "a": 1.0
            },
            "position": {
                "x": 0.0,
                "y": 0.0,
                "z": 0.0
            },
            "rotation": {
                "x": 0.0,
                "y": 0.0,
                "z": 0.0,
                "w": 0.0
            },
            "scale": {
                "x": 1.0,
                "y": 1.0,
                "z": 1.0
            }
        }
    ],
    "levelBackgroundLayers": [
        {
            "sprite": {
                "instanceID": 52094
            },
            "color": {
                "r": 0.9490196704864502,
                "g": 1.0,
                "b": 0.9411765336990356,
                "a": 1.0
            },
            "position": {
                "x": 0.0,
                "y": 0.0,
                "z": 0.0
            },
            "rotation": {
                "x": 0.0,
                "y": 0.0,
                "z": 0.0,
                "w": 0.0
            },
            "scale": {
                "x": 1.0,
                "y": 1.0,
                "z": 1.0
            }
        },
        {
            "sprite": {
                "instanceID": 52094
            },
            "color": {
                "r": 0.9215686917304993,
                "g": 1.0,
                "b": 0.9098039865493774,
                "a": 1.0
            },
            "position": {
                "x": 0.0,
                "y": 0.0,
                "z": 0.0
            },
            "rotation": {
                "x": 0.0,
                "y": 0.0,
                "z": 0.0,
                "w": 0.0
            },
            "scale": {
                "x": 1.0,
                "y": 1.0,
                "z": 1.0
            }
        }
    ],
    "taskListColors": [
        {
            "mainColor": {
                "r": 0.6207772493362427,
                "g": 0.8773584961891174,
                "b": 0.4593716561794281,
                "a": 1.0
            },
            "itemColor": {
                "r": 0.8451162576675415,
                "g": 1.0,
                "b": 0.572549045085907,
                "a": 1.0
            },
            "scrollbarColor": {
                "r": 0.995300829410553,
                "g": 1.0,
                "b": 0.8820754885673523,
                "a": 1.0
            },
            "countColor": {
                "r": 0.8963422775268555,
                "g": 0.9245283007621765,
                "b": 0.27474188804626467,
                "a": 1.0
            },
            "taskColors": [
                {
                    "r": 0.7960785031318665,
                    "g": 0.9098039865493774,
                    "b": 0.2392157018184662,
                    "a": 1.0
                },
                {
                    "r": 0.545098066329956,
                    "g": 0.7725490927696228,
                    "b": 0.3137255012989044,
                    "a": 1.0
                },
                {
                    "r": 0.3019607961177826,
                    "g": 0.7176470756530762,
                    "b": 0.27843138575553896,
                    "a": 1.0
                },
                {
                    "r": 0.09803922474384308,
                    "g": 0.7372549176216126,
                    "b": 0.35686275362968447,
                    "a": 1.0
                }
            ]
        },
        {
            "mainColor": {
                "r": 0.4060378074645996,
                "g": 0.6698113083839417,
                "b": 0.3127892315387726,
                "a": 1.0
            },
            "itemColor": {
                "r": 0.5982151627540588,
                "g": 0.7641509771347046,
                "b": 0.4649786651134491,
                "a": 1.0
            },
            "scrollbarColor": {
                "r": 0.9960784912109375,
                "g": 1.0,
                "b": 0.8823530077934265,
                "a": 1.0
            },
            "countColor": {
                "r": 0.8980392813682556,
                "g": 0.9254902601242065,
                "b": 0.27450981736183169,
                "a": 1.0
            },
            "taskColors": [
                {
                    "r": 0.7477648258209229,
                    "g": 0.9450980424880981,
                    "b": 0.6627451181411743,
                    "a": 1.0
                },
                {
                    "r": 0.8583619594573975,
                    "g": 0.9764705896377564,
                    "b": 0.6392157077789307,
                    "a": 1.0
                },
                {
                    "r": 0.8746228814125061,
                    "g": 0.9333333373069763,
                    "b": 0.5411764979362488,
                    "a": 1.0
                },
                {
                    "r": 0.5249919295310974,
                    "g": 0.9019607901573181,
                    "b": 0.46666666865348818,
                    "a": 1.0
                }
            ]
        },
        {
            "mainColor": {
                "r": 0.4103015661239624,
                "g": 0.7647058963775635,
                "b": 0.3921568691730499,
                "a": 1.0
            },
            "itemColor": {
                "r": 0.7481913566589356,
                "g": 0.9529411792755127,
                "b": 0.686274528503418,
                "a": 1.0
            },