{
    "mainFont": {
        "instanceID": 50642
    },
    "mainFontSizeScale": 1.0,
    "mainCharacterSpacingScale": 1.0,
    "mainLineSpacingScale": 1.0,
    "timerFont": {
        "instanceID": 50192
    },
    "timerFontSizeScale": 1.0,
    "timerCharacterSpacingScale": 1.0,
    "timerLineSpacingScale": 1.0,
    "menuBackgroundLayers": [
        {
            "sprite": {
                "instanceID": 52000
            },
            "color": {
                "r": 0.0,
                "g": 0.0,
                "b": 0.0,
                "a": 1.0
            },
            "position": {
                "x": -5.0,
                "y": 2.4000000953674318,
                "z": 0.0
            },
            "rotation": {
                "x": 0.0,
                "y": 0.0,
                "z": 0.0,
                "w": 0.0
            },
            "scale": {
                "x": 0.75,
                "y": 0.75,
                "z": 0.75
            }
        },
        {
            "sprite": {
                "instanceID": 52002
            },
            "color": {
                "r": 0.9372549653053284,
                "g": 0.5803921818733215,
                "b": 0.8000000715255737,
                "a": 1.0
            },
            "position": {
                "x": -5.0,
                "y": 2.4000000953674318,
                "z": 0.0
            },
            "rotation": {
                "x": 0.0,
                "y": 0.0,
                "z": 0.0,
                "w": 0.0
            },
            "scale": {
                "x": 0.75,
                "y": 0.75,
                "z": 0.75
            }
        },
        {
            "sprite": {
                "instanceID": 52004
            },
            "color": {
                "r": 1.0,
                "g": 1.0,
                "b": 1.0,
                "a": 1.0
            },
            "position": {
                "x": -5.0,
                "y": 2.4000000953674318,
                "z": 0.0
            },
            "rotation": {
                "x": 0.0,
                "y": 0.0,
                "z": 0.0,
                "w": 0.0
            },
            "scale": {
                "x": 0.75,
                "y": 0.75,
                "z": 0.75
            }
        },
        {
            "sprite": {
                "instanceID": 52008
            },
            "color": {
                "r": 1.0,
                "g": 0.8392157554626465,
                "b": 0.9372549653053284,
                "a": 1.0
            },
            "position": {
                "x": 0.0,
                "y": 0.0,
                "z": 0.0
            },
            "rotation": {
                "x": 0.0,
                "y": 0.0,
                "z": 0.0,
                "w": 0.0
            },
            "scale": {
                "x": 1.0,
                "y": 1.0,
                "z": 1.0
            }
        },
        {
            "sprite": {
                "instanceID": 52010
            },
            "color": {
                "r": 0.9849056601524353,
                "g": 0.7786329984664917,
                "b": 0.9191129803657532,
                "a": 1.0
            },
            "position": {
                "x": 0.0,
                "y": 0.0,
                "z": 0.0
            },
            "rotation": {
                "x": 0.0,
                "y": 0.0,
                "z": 0.0,
                "w": 0.0
            },
            "scale": {
                "x": 1.0,
                "y": 1.0,
                "z": 1.0
            }
        }
    ],
    "levelBackgroundLayers": [
        {
            "sprite": {
                "instanceID": 52008
            },
            "color": {
                "r": 1.0,
                "g": 0.8392157554626465,
                "b": 0.9372549653053284,
                "a": 1.0
            },
            "position": {
                "x": 0.0,
                "y": 0.0,
                "z": 0.0
            },
            "rotation": {
                "x": 0.0,
                "y": 0.0,
                "z": 0.0,
                "w": 0.0
            },
            "scale": {
                "x": 1.0,
                "y": 1.0,
                "z": 1.0
            }
        },
        {
            "sprite": {
                "instanceID": 52010
            },
            "color": {
                "r": 0.9843137860298157,
                "g": 0.7803922295570374,
                "b": 0.917647123336792,
                "a": 1.0
            },
            "position": {
                "x": 0.0,
                "y": 0.0,
                "z": 0.0
            },
            "rotation": {
                "x": 0.0,
                "y": 0.0,
                "z": 0.0,
                "w": 0.0
            },
            "scale": {
                "x": 1.0,
                "y": 1.0,
                "z": 1.0
            }
        }
    ],
    "taskListColors": [
        {
            "mainColor": {
                "r": 1.0,
                "g": 0.7411764860153198,
                "b": 0.3490196168422699,
                "a": 1.0
            },
            "itemColor": {
                "r": 1.0,
                "g": 0.8862745761871338,
                "b": 0.7137255072593689,
                "a": 1.0
            },
            "scrollbarColor": {
                "r": 1.0,
                "g": 1.0,
                "b": 1.0,
                "a": 1.0
            },
            "countColor": {
                "r": 0.9019608497619629,
                "g": 0.501960813999176,
                "b": 0.46666669845581057,
                "a": 1.0
            },
            "taskColors": [
                {
                    "r": 1.0,
                    "g": 0.7411764860153198,
                    "b": 0.3490196168422699,
                    "a": 1.0
                },
                {
                    "r": 1.0,
                    "g": 0.8235294818878174,
                    "b": 0.16078431904315949,
                    "a": 1.0
                },
                {
                    "r": 0.5372549295425415,
                    "g": 0.8627451658248901,
                    "b": 0.2862745225429535,
                    "a": 1.0
                },
                {
                    "r": 0.4235294461250305,
                    "g": 0.7019608020782471,
                    "b": 0.3803921937942505,
                    "a": 1.0
                }
            ]
        },
        {
            "mainColor": {
                "r": 0.4235294461250305,
                "g": 0.7019608020782471,
                "b": 0.3803921937942505,
                "a": 1.0
            },
            "itemColor": {
                "r": 0.6980392336845398,
                "g": 0.9058824181556702,
                "b": 0.6666666865348816,
                "a": 1.0
            },
            "scrollbarColor": {
                "r": 1.0,
                "g": 1.0,
                "b": 1.0,
                "a": 1.0
            },
            "countColor": {
                "r": 0.9019608497619629,
                "g": 0.501960813999176,
                "b": 0.46666669845581057,
                "a": 1.0
            },
            "taskColors": [
                {
                    "r": 0.5372549295425415,
                    "g": 0.8627451658248901,
                    "b": 0.2862745225429535,
                    "a": 1.0
                },
                {
                    "r": 0.4235294461250305,
                    "g": 0.7019608020782471,
                    "b": 0.3803921937942505,
                    "a": 1.0
                },
                {
                    "r": 0.35686275362968447,
                    "g": 0.7764706611633301,
                    "b": 0.8313726186752319,
                    "a": 1.0
                },
                {
                    "r": 0.40000003576278689,
                    "g": 0.5803921818733215,
                    "b": 1.0,