{
    "music": {
        "instanceID": 49988
    },
    "mainFont": {
        "instanceID": 49990
    },
    "mainFontSizeScale": 1.0,
    "mainCharacterSpacingScale": 1.0,
    "timerFont": {
        "instanceID": 49992
    },
    "timerFontSizeScale": 1.0,
    "timerCharacterSpacingScale": 1.0,
    "menuBackgroundLayers": [
        {
            "sprite": {
                "instanceID": 49994
            },
            "color": {
                "r": 0.0,
                "g": 0.0,
                "b": 0.0,
                "a": 1.0
            },
            "position": {
                "x": -5.0,
                "y": 2.4000000953674318,
                "z": 0.0
            },
            "rotation": {
                "x": 0.0,
                "y": 0.0,
                "z": 0.0,
                "w": 0.0
            },
            "scale": {
                "x": 0.75,
                "y": 0.75,
                "z": 0.75
            }
        },
        {
            "sprite": {
                "instanceID": 49996
            },
            "color": {
                "r": 0.9372549653053284,
                "g": 0.5803921818733215,
                "b": 0.8000000715255737,
                "a": 1.0
            },
            "position": {
                "x": -5.0,
                "y": 2.4000000953674318,
                "z": 0.0
            },
            "rotation": {
                "x": 0.0,
                "y": 0.0,
                "z": 0.0,
                "w": 0.0
            },
            "scale": {
                "x": 0.75,
                "y": 0.75,
                "z": 0.75
            }
        },
        {
            "sprite": {
                "instanceID": 49998
            },
            "color": {
                "r": 1.0,
                "g": 1.0,
                "b": 1.0,
                "a": 1.0
            },
            "position": {
                "x": -5.0,
                "y": 2.4000000953674318,
                "z": 0.0
            },
            "rotation": {
                "x": 0.0,
                "y": 0.0,
                "z": 0.0,
                "w": 0.0
            },
            "scale": {
                "x": 0.75,
                "y": 0.75,
                "z": 0.75
            }
        },
        {
            "sprite": {
                "instanceID": 50002
            },
            "color": {
                "r": 1.0,
                "g": 0.8392157554626465,
                "b": 0.9372549653053284,
                "a": 1.0
            },
            "position": {
                "x": 0.0,
                "y": 0.0,
                "z": 0.0
            },
            "rotation": {
                "x": 0.0,
                "y": 0.0,
                "z": 0.0,
                "w": 0.0
            },
            "scale": {
                "x": 1.0,
                "y": 1.0,
                "z": 1.0
            }
        },
        {
            "sprite": {
                "instanceID": 50004
            },
            "color": {
                "r": 0.9849056601524353,
                "g": 0.7786329984664917,
                "b": 0.9191129803657532,
                "a": 1.0
            },
            "position": {
                "x": 0.0,
                "y": 0.0,
                "z": 0.0
            },
            "rotation": {
                "x": 0.0,
                "y": 0.0,
                "z": 0.0,
                "w": 0.0
            },
            "scale": {
                "x": 1.0,
                "y": 1.0,
                "z": 1.0
            }
        }
    ],
    "levelBackgroundLayers": [
        {
            "sprite": {
                "instanceID": 50002
            },
            "color": {
                "r": 1.0,
                "g": 0.8392157554626465,
                "b": 0.9372549653053284,
                "a": 1.0
            },
            "position": {
                "x": 0.0,
                "y": 0.0,
                "z": 0.0
            },
            "rotation": {
                "x": 0.0,
                "y": 0.0,
                "z": 0.0,
                "w": 0.0
            },
            "scale": {
                "x": 1.0,
                "y": 1.0,
                "z": 1.0
            }
        },
        {
            "sprite": {
                "instanceID": 50004
            },
            "color": {
                "r": 0.9843137860298157,
                "g": 0.7803922295570374,
                "b": 0.917647123336792,
                "a": 1.0
            },
            "position": {
                "x": 0.0,
                "y": 0.0,
                "z": 0.0
            },
            "rotation": {
                "x": 0.0,
                "y": 0.0,
                "z": 0.0,
                "w": 0.0
            },
            "scale": {
                "x": 1.0,
                "y": 1.0,
                "z": 1.0
            }
        }
    ],
    "gridCellColor": {
        "r": 0.9386792182922363,
        "g": 0.5800329446792603,
        "b": 0.7987198233604431,
        "a": 1.0
    },
    "fixedGridCellColor": {
        "r": 0.6431372761726379,
        "g": 0.6431372761726379,
        "b": 0.6431372761726379,
        "a": 1.0
    },
    "brightTextColor": {
        "r": 1.0,
        "g": 1.0,
        "b": 1.0,
        "a": 1.0
    },
    "darkTextColor": {
        "r": 0.0,
        "g": 0.0,
        "b": 0.0,
        "a": 1.0
    },
    "dailyTaskListColor": {
        "r": 1.0,
        "g": 0.7411764860153198,
        "b": 0.3490196168422699,
        "a": 1.0
    },
    "dailyTaskListSecondaryColor": {
        "r": 1.0,
        "g": 0.886274516582489,
        "b": 0.7137255072593689,
        "a": 1.0
    },
    "weeklyTaskListColor": {
        "r": 0.42352941632270815,
        "g": 0.7019608020782471,
        "b": 0.3803921639919281,
        "a": 1.0
    },
    "weeklyTaskListSecondaryColor": {
        "r": 0.6980392336845398,
        "g": 0.9058823585510254,
        "b": 0.6666666865348816,
        "a": 1.0
    },
    "bonusTaskListColor": {
        "r": 0.886274516582489,
        "g": 0.6627451181411743,
        "b": 0.9450980424880981,
        "a": 1.0
    },
    "bonusTaskListSecondaryColor": {
        "r": 0.9450980424880981,
        "g": 0.843137264251709,
        "b": 0.9725490212440491,
        "a": 1.0
    },
    "taskListScrollbarColor": {
        "r": 1.0,
        "g": 1.0,
        "b": 1.0,
        "a": 1.0
    },
    "taskListCounterColor": {
        "r": 0.9019607901573181,
        "g": 0.501960813999176,
        "b": 0.46666666865348818,
        "a": 1.0
    },
    "requiredTask1Color": {
        "r": 1.0,
        "g": 0.7411764860153198,
        "b": 0.3490196168422699,
        "a": 1.0
    },
    "requiredTask2Color": {
        "r": 1.0,
        "g": 0.8235294818878174,
        "b": 0.16078431904315949,
        "a": 1.0
    },
    "requiredTask3Color": {
        "r": 0.5372549295425415,
        "g": 0.8627451062202454,
        "b": 0.2862745225429535,
        "a": 1.0
    },
    "requiredTask4Color": {
        "r": 0.4235294461250305,
        "g": 0.7019608020782471,
        "b": 0.3803921937942505,
        "a": 1.0
    },
    "bonusTask1Color": {
        "r": 0.35686275362968447,
        "g": 0.7764706611633301,
        "b": 0.8313726186752319,
        "a": 1.0
    },
    "bonusTask2Color": {
        "r": 0.40000003576278689,
        "g": 0.5803921818733215,
        "b": 1.0,
        "a": 1.0
    },
    "bonusTask3Color": {
        "r": 0.8862745761871338,
        "g": 0.6627451181411743,
        "b": 0.9450981020927429,
        "a": 1.0
    },
    "bonusTask4Color": {
        "r": 0.9019608497619629,
        "g": 0.501960813999176,
        "b": 0.46666669845581057,
        "a": 1.0
    },
    "fixedActivityColor": {
        "r": 0.6431372761726379,
        "g": 0.6431372761726379,
        "b": 0.6431372761726379,
        "a": 1.0
    },
    "fixedActivityBorderColor": {
        "r": 0.3294117748737335,
        "g": 0.3294117748737335,