{
    "mainFont": {
        "instanceID": 50642
    },
    "mainFontSizeScale": 1.0,
    "mainCharacterSpacingScale": 1.0,
    "mainLineSpacingScale": 1.0,
    "timerFont": {
        "instanceID": 50192
    },
    "timerFontSizeScale": 1.0,
    "timerCharacterSpacingScale": 1.0,
    "timerLineSpacingScale": 1.0,
    "menuBackgroundLayers": [
        {
            "sprite": {
                "instanceID": 52000
            },
            "color": {
                "r": 0.8867924213409424,
                "g": 0.21333211660385133,
                "b": 0.21333211660385133,
                "a": 1.0
            },
            "position": {
                "x": -5.0,
                "y": 2.4000000953674318,
                "z": 0.0
            },
            "rotation": {
                "x": 0.0,
                "y": 0.0,
                "z": 0.0,
                "w": 0.0
            },
            "scale": {
                "x": 0.75,
                "y": 0.75,
                "z": 0.75
            }
        },
        {
            "sprite": {
                "instanceID": 52002
            },
            "color": {
                "r": 0.32160019874572756,
                "g": 0.3309210538864136,
                "b": 0.9339622855186462,
                "a": 1.0
            },
            "position": {
                "x": -5.0,
                "y": 2.4000000953674318,
                "z": 0.0
            },
            "rotation": {
                "x": 0.0,
                "y": 0.0,
                "z": 0.0,
                "w": 0.0
            },
            "scale": {
                "x": 0.75,
                "y": 0.75,
                "z": 0.75
            }
        },
        {
            "sprite": {
                "instanceID": 52004
            },
            "color": {
                "r": 1.0,
                "g": 1.0,
                "b": 1.0,
                "a": 1.0
            },
            "position": {
                "x": -5.0,
                "y": 2.4000000953674318,
                "z": 0.0
            },
            "rotation": {
                "x": 0.0,
                "y": 0.0,
                "z": 0.0,
                "w": 0.0
            },
            "scale": {
                "x": 0.75,
                "y": 0.75,
                "z": 0.75
            }
        },
        {
            "sprite": {
                "instanceID": 52008
            },
            "color": {
                "r": 0.8886792063713074,
                "g": 0.9836292862892151,
                "b": 1.0,
                "a": 1.0
            },
            "position": {
                "x": 0.0,
                "y": 0.0,
                "z": 0.0
            },
            "rotation": {
                "x": 0.0,
                "y": 0.0,
                "z": 0.0,
                "w": 0.0
            },
            "scale": {
                "x": 1.0,
                "y": 1.0,
                "z": 1.0
            }
        },
        {
            "sprite": {
                "instanceID": 52010
            },
            "color": {
                "r": 1.0,
                "g": 0.8358490467071533,
                "b": 0.8562218546867371,
                "a": 1.0
            },
            "position": {
                "x": 0.0,
                "y": 0.0,
                "z": 0.0
            },
            "rotation": {
                "x": 0.0,
                "y": 0.0,
                "z": 0.0,
                "w": 0.0
            },
            "scale": {
                "x": 1.0,
                "y": 1.0,
                "z": 1.0
            }
        }
    ],
    "levelBackgroundLayers": [
        {
            "sprite": {
                "instanceID": 52008
            },
            "color": {
                "r": 0.8886792063713074,
                "g": 0.9836292862892151,
                "b": 1.0,
                "a": 1.0
            },
            "position": {
                "x": 0.0,
                "y": 0.0,
                "z": 0.0
            },
            "rotation": {
                "x": 0.0,
                "y": 0.0,
                "z": 0.0,
                "w": 0.0
            },
            "scale": {
                "x": 1.0,
                "y": 1.0,
                "z": 1.0
            }
        },
        {
            "sprite": {
                "instanceID": 52010
            },
            "color": {
                "r": 1.0,
                "g": 0.8358490467071533,
                "b": 0.8562218546867371,
                "a": 1.0
            },
            "position": {
                "x": 0.0,
                "y": 0.0,
                "z": 0.0
            },
            "rotation": {
                "x": 0.0,
                "y": 0.0,
                "z": 0.0,
                "w": 0.0
            },
            "scale": {
                "x": 1.0,
                "y": 1.0,
                "z": 1.0
            }
        }
    ],
    "taskListColors": [
        {
            "mainColor": {
                "r": 0.3490196168422699,
                "g": 0.5882353186607361,
                "b": 1.0,
                "a": 1.0
            },
            "itemColor": {
                "r": 0.5137255191802979,
                "g": 0.6941176652908325,
                "b": 1.0,
                "a": 1.0
            },
            "scrollbarColor": {
                "r": 1.0,
                "g": 1.0,
                "b": 1.0,
                "a": 1.0
            },
            "countColor": {
                "r": 0.9019608497619629,
                "g": 0.501960813999176,
                "b": 0.46666669845581057,
                "a": 1.0
            },
            "taskColors": [
                {
                    "r": 0.3490196168422699,
                    "g": 0.5882353186607361,
                    "b": 1.0,
                    "a": 1.0
                },
                {
                    "r": 0.27450981736183169,
                    "g": 0.43529415130615237,
                    "b": 0.9686275124549866,
                    "a": 1.0
                },
                {
                    "r": 0.21176472306251527,
                    "g": 0.30588236451148989,
                    "b": 0.9254902601242065,
                    "a": 1.0
                },
                {
                    "r": 0.364705890417099,
                    "g": 0.3607843220233917,
                    "b": 0.7921569347381592,
                    "a": 1.0
                }
            ]
        },
        {
            "mainColor": {
                "r": 0.3803921937942505,
                "g": 0.43137258291244509,
                "b": 0.7019608020782471,
                "a": 1.0
            },
            "itemColor": {
                "r": 0.529411792755127,
                "g": 0.5764706134796143,
                "b": 0.8313726186752319,
                "a": 1.0
            },
            "scrollbarColor": {
                "r": 1.0,
                "g": 1.0,
                "b": 1.0,
                "a": 1.0
            },
            "countColor": {
                "r": 0.9019608497619629,
                "g": 0.501960813999176,
                "b": 0.46666669845581057,
                "a": 1.0
            },
            "taskColors": [
                {
                    "r": 0.21176472306251527,
                    "g": 0.30588236451148989,
                    "b": 0.9254902601242065,
                    "a": 1.0
                },
                {
                    "r": 0.364705890417099,
                    "g": 0.3607843220233917,
                    "b": 0.7921569347381592,
                    "a": 1.0
                },
                {
                    "r": 0.4549019932746887,
                    "g": 0.32156863808631899,
                    "b": 0.8392157554626465,
                    "a": 1.0
                },
                {
                    "r": 0.6745098233222961,
                    "g": 0.6627451181411743,