{
    "mainFont": {
        "instanceID": 50628
    },
    "mainFontSizeScale": 1.0,
    "mainCharacterSpacingScale": 1.0,
    "timerFont": {
        "instanceID": 50178
    },
    "timerFontSizeScale": 1.0,
    "timerCharacterSpacingScale": 1.0,
    "menuBackgroundLayers": [
        {
            "sprite": {
                "instanceID": 51920
            },
            "color": {
                "r": 0.8886792063713074,
                "g": 0.9836292862892151,
                "b": 1.0,
                "a": 1.0
            },
            "position": {
                "x": 0.0,
                "y": 0.0,
                "z": 0.0
            },
            "rotation": {
                "x": 0.0,
                "y": 0.0,
                "z": 0.0,
                "w": 0.0
            },
            "scale": {
                "x": 1.0,
                "y": 1.0,
                "z": 1.0
            }
        },
        {
            "sprite": {
                "instanceID": 51922
            },
            "color": {
                "r": 1.0,
                "g": 0.8358490467071533,
                "b": 0.8562218546867371,
                "a": 1.0
            },
            "position": {
                "x": 0.0,
                "y": 0.0,
                "z": 0.0
            },
            "rotation": {
                "x": 0.0,
                "y": 0.0,
                "z": 0.0,
                "w": 0.0
            },
            "scale": {
                "x": 1.0,
                "y": 1.0,
                "z": 1.0
            }
        }
    ],
    "levelBackgroundLayers": [
        {
            "sprite": {
                "instanceID": 51920
            },
            "color": {
                "r": 0.8886792063713074,
                "g": 0.9836292862892151,
                "b": 1.0,
                "a": 1.0
            },
            "position": {
                "x": 0.0,
                "y": 0.0,
                "z": 0.0
            },
            "rotation": {
                "x": 0.0,
                "y": 0.0,
                "z": 0.0,
                "w": 0.0
            },
            "scale": {
                "x": 1.0,
                "y": 1.0,
                "z": 1.0
            }
        },
        {
            "sprite": {
                "instanceID": 51922
            },
            "color": {
                "r": 1.0,
                "g": 0.8358490467071533,
                "b": 0.8562218546867371,
                "a": 1.0
            },
            "position": {
                "x": 0.0,
                "y": 0.0,
                "z": 0.0
            },
            "rotation": {
                "x": 0.0,
                "y": 0.0,
                "z": 0.0,
                "w": 0.0
            },
            "scale": {
                "x": 1.0,
                "y": 1.0,
                "z": 1.0
            }
        }
    ],
    "gridCellColor": {
        "r": 0.8784313797950745,
        "g": 0.9511358141899109,
        "b": 1.0,
        "a": 0.8823529481887817
    },
    "fixedGridCellColor": {
        "r": 0.3490196168422699,
        "g": 0.5882353186607361,
        "b": 1.0,
        "a": 0.23529411852359773
    },
    "brightTextColor": {
        "r": 1.0,
        "g": 1.0,
        "b": 1.0,
        "a": 1.0
    },
    "darkTextColor": {
        "r": 0.0,
        "g": 0.0,
        "b": 0.0,
        "a": 1.0
    },
    "dailyTaskListColor": {
        "r": 0.3490196466445923,
        "g": 0.589603841304779,
        "b": 1.0,
        "a": 1.0
    },
    "dailyTaskListSecondaryColor": {
        "r": 0.5141509771347046,
        "g": 0.6926859021186829,
        "b": 1.0,
        "a": 1.0
    },
    "weeklyTaskListColor": {
        "r": 0.3803921639919281,
        "g": 0.43315306305885317,
        "b": 0.7019608020782471,
        "a": 1.0
    },
    "weeklyTaskListSecondaryColor": {
        "r": 0.5286579132080078,
        "g": 0.5764615535736084,
        "b": 0.8301886916160584,
        "a": 1.0
    },
    "bonusTaskListColor": {
        "r": 0.6730911135673523,
        "g": 0.6627451181411743,
        "b": 0.9450980424880981,
        "a": 1.0
    },
    "bonusTaskListSecondaryColor": {
        "r": 0.7965801358222961,
        "g": 0.7877358198165894,
        "b": 1.0,
        "a": 1.0
    },
    "taskListScrollbarColor": {
        "r": 1.0,
        "g": 1.0,
        "b": 1.0,
        "a": 1.0
    },
    "taskListCounterColor": {
        "r": 0.9019607901573181,
        "g": 0.501960813999176,
        "b": 0.46666666865348818,
        "a": 1.0
    },
    "requiredTask1Color": {
        "r": 0.3490196168422699,
        "g": 0.5882353186607361,
        "b": 1.0,
        "a": 1.0
    },
    "requiredTask2Color": {
        "r": 0.27450981736183169,
        "g": 0.43529415130615237,
        "b": 0.9686275124549866,
        "a": 1.0
    },
    "requiredTask3Color": {
        "r": 0.21176472306251527,
        "g": 0.30588236451148989,
        "b": 0.9254902601242065,
        "a": 1.0
    },
    "requiredTask4Color": {
        "r": 0.364705890417099,
        "g": 0.3607843220233917,
        "b": 0.7921569347381592,
        "a": 1.0
    },
    "bonusTask1Color": {
        "r": 0.4549019932746887,
        "g": 0.32156863808631899,
        "b": 0.8392157554626465,
        "a": 1.0
    },
    "bonusTask2Color": {
        "r": 0.6745098233222961,
        "g": 0.6627451181411743,
        "b": 0.9450981020927429,
        "a": 1.0
    },
    "bonusTask3Color": {
        "r": 0.7843137979507446,
        "g": 0.6627451181411743,
        "b": 0.9450981020927429,
        "a": 1.0
    },
    "bonusTask4Color": {
        "r": 0.9450981020927429,
        "g": 0.6627451181411743,
        "b": 0.9372549653053284,
        "a": 1.0
    },
    "fixedActivityColor": {
        "r": 0.6161667704582214,
        "g": 0.6842390894889832,
        "b": 0.7216981053352356,
        "a": 1.0
    },
    "fixedActivityBorderColor": {
        "r": 0.3083837628364563,
        "g": 0.35774925351142886,
        "b": 0.3962264060974121,
        "a": 1.0
    },
    "timeHandColor": {
        "r": 0.364705890417099,
        "g": 0.3607843220233917,
        "b": 0.7921569347381592,
        "a": 1.0
    },
    "timeHandFastColor": {
        "r": 0.3607843220233917,
        "g": 0.7921568751335144,
        "b": 0.6039215922355652,
        "a": 1.0
    },
    "pauseButtonColor": {
        "r": 0.9450981020927429,
        "g": 0.6627451181411743,
        "b": 0.9372549653053284,
        "a": 1.0
    },
    "helpButtonColor": {
        "r": 0.364705890417099,
        "g": 0.3607843220233917,
        "b": 0.7921569347381592,
        "a": 1.0
    },
    "resourceBarBackgroundColor": {
        "r": 0.8784313797950745,
        "g": 0.9529411792755127,
        "b": 1.0,
        "a": 1.0
    },
    "resourceBarColors": [
        {
            "resourceBars": [
                {
                    "fill": {
                        "r": 0.364705890417099,
                        "g": 0.3607843220233917,
                        "b": 0.7921569347381592,
                        "a": 1.0
                    },
                    "change": {
                        "r": 1.0,
                        "g": 1.0,
                        "b": 1.0,
                        "a": 1.0
                    }
                }
            ]
        },
        {
            "resourceBars": [
                {
                    "fill": {
                        "r": 0.3490196168422699,
                        "g": 0.5882353186607361,
                        "b": 1.0,
                        "a": 1.0
                    },
                    "change": {
                        "r": 1.0,
                        "g": 1.0,
                        "b": 1.0,
                        "a": 1.0
                    }
                },
                {
                    "fill": {
                        "r": 0.3803921937942505,
                        "g": 0.43137258291244509,