{
    "mainFont": {
        "instanceID": 59262
    },
    "mainFontSizeScale": 1.5,
    "mainCharacterSpacingScale": 1.0,
    "timerFont": {
        "instanceID": 58910
    },
    "timerFontSizeScale": 1.0,
    "timerCharacterSpacingScale": 1.0,
    "menuBackgroundLayers": [
        {
            "sprite": {
                "instanceID": 85154
            },
            "color": {
                "r": 0.24313727021217347,
                "g": 0.5686274766921997,
                "b": 0.7568628191947937,
                "a": 1.0
            },
            "position": {
                "x": -5.0,
                "y": 2.4000000953674318,
                "z": 0.0
            },
            "rotation": {
                "x": 0.0,
                "y": 0.0,
                "z": 0.0,
                "w": 0.0
            },
            "scale": {
                "x": 0.75,
                "y": 0.75,
                "z": 0.75
            }
        },
        {
            "sprite": {
                "instanceID": 85156
            },
            "color": {
                "r": 0.3921568989753723,
                "g": 0.5882353186607361,
                "b": 0.1098039299249649,
                "a": 1.0
            },
            "position": {
                "x": -5.0,
                "y": 2.4000000953674318,
                "z": 0.0
            },
            "rotation": {
                "x": 0.0,
                "y": 0.0,
                "z": 0.0,
                "w": 0.0
            },
            "scale": {
                "x": 0.75,
                "y": 0.75,
                "z": 0.75
            }
        },
        {
            "sprite": {
                "instanceID": 85152
            },
            "color": {
                "r": 1.0,
                "g": 1.0,
                "b": 1.0,
                "a": 1.0
            },
            "position": {
                "x": -5.0,
                "y": 2.4000000953674318,
                "z": 0.0
            },
            "rotation": {
                "x": 0.0,
                "y": 0.0,
                "z": 0.0,
                "w": 0.0
            },
            "scale": {
                "x": 0.75,
                "y": 0.75,
                "z": 0.75
            }
        },
        {
            "sprite": {
                "instanceID": 59264
            },
            "color": {
                "r": 1.0,
                "g": 1.0,
                "b": 1.0,
                "a": 1.0
            },
            "position": {
                "x": 0.0,
                "y": 0.0,
                "z": 0.0
            },
            "rotation": {
                "x": 0.0,
                "y": 0.0,
                "z": 0.0,
                "w": 0.0
            },
            "scale": {
                "x": 1.0,
                "y": 1.0,
                "z": 1.0
            }
        }
    ],
    "levelBackgroundLayers": [
        {
            "sprite": {
                "instanceID": 59264
            },
            "color": {
                "r": 1.0,
                "g": 1.0,
                "b": 1.0,
                "a": 1.0
            },
            "position": {
                "x": 0.0,
                "y": 0.0,
                "z": 0.0
            },
            "rotation": {
                "x": 0.0,
                "y": 0.0,
                "z": 0.0,
                "w": 0.0
            },
            "scale": {
                "x": 1.0,
                "y": 1.0,
                "z": 1.0
            }
        }
    ],
    "gridCellColor": {
        "r": 0.8784313797950745,
        "g": 0.9511358141899109,
        "b": 1.0,
        "a": 0.8823529481887817
    },
    "fixedGridCellColor": {
        "r": 0.4810430705547333,
        "g": 0.6787078380584717,
        "b": 0.8867924213409424,
        "a": 0.23529411852359773
    },
    "brightTextColor": {
        "r": 1.0,
        "g": 1.0,
        "b": 1.0,
        "a": 1.0
    },
    "darkTextColor": {
        "r": 0.04475574195384979,
        "g": 0.03737984597682953,
        "b": 0.22641509771347047,
        "a": 1.0
    },
    "dailyTaskListColor": {
        "r": 0.37753647565841677,
        "g": 0.7589903473854065,
        "b": 0.7924528121948242,
        "a": 1.0
    },
    "dailyTaskListSecondaryColor": {
        "r": 0.6985581517219544,
        "g": 0.8829882740974426,
        "b": 0.8867924213409424,
        "a": 1.0
    },
    "weeklyTaskListColor": {
        "r": 0.23139908909797669,
        "g": 0.31436416506767275,
        "b": 0.7547169923782349,
        "a": 1.0
    },
    "weeklyTaskListSecondaryColor": {
        "r": 0.3152367174625397,
        "g": 0.4013698995113373,
        "b": 0.8679245114326477,
        "a": 1.0
    },
    "bonusTaskListColor": {
        "r": 0.5960784554481506,
        "g": 0.7256007194519043,
        "b": 0.8392156958580017,
        "a": 1.0
    },
    "bonusTaskListSecondaryColor": {
        "r": 0.37254905700683596,
        "g": 0.6163859367370606,
        "b": 0.8117647171020508,
        "a": 1.0
    },
    "taskListScrollbarColor": {
        "r": 1.0,
        "g": 1.0,
        "b": 1.0,
        "a": 1.0
    },
    "taskListCounterColor": {
        "r": 0.7516477704048157,
        "g": 0.8584905862808228,
        "b": 0.6276699900627136,
        "a": 1.0
    },
    "requiredTask1Color": {
        "r": 0.4890085458755493,
        "g": 0.5838557481765747,
        "b": 0.9339622855186462,
        "a": 1.0
    },
    "requiredTask2Color": {
        "r": 0.5295478701591492,
        "g": 0.6254110336303711,
        "b": 0.9433962106704712,
        "a": 1.0
    },
    "requiredTask3Color": {
        "r": 0.680624783039093,
        "g": 0.7087466716766357,
        "b": 0.8962264060974121,
        "a": 1.0
    },
    "requiredTask4Color": {
        "r": 0.364705890417099,
        "g": 0.3607843220233917,
        "b": 0.7921569347381592,
        "a": 1.0
    },
    "bonusTask1Color": {
        "r": 0.32156869769096377,
        "g": 0.7774264216423035,
        "b": 0.8392156958580017,
        "a": 1.0
    },
    "bonusTask2Color": {
        "r": 0.6627451181411743,
        "g": 0.9163700342178345,
        "b": 0.9450980424880981,
        "a": 1.0
    },
    "bonusTask3Color": {
        "r": 0.6627451181411743,
        "g": 0.9089924693107605,
        "b": 0.9450980424880981,
        "a": 1.0
    },
    "bonusTask4Color": {
        "r": 0.7729476690292358,
        "g": 0.6627451181411743,
        "b": 0.9450980424880981,
        "a": 1.0
    },
    "fixedActivityColor": {
        "r": 0.6161667704582214,
        "g": 0.6842390894889832,
        "b": 0.7216981053352356,
        "a": 1.0
    },
    "fixedActivityBorderColor": {
        "r": 0.3083837628364563,
        "g": 0.35774925351142886,
        "b": 0.3962264060974121,
        "a": 1.0
    },
    "timeHandColor": {
        "r": 0.14117646217346192,
        "g": 0.451600581407547,
        "b": 0.5843137502670288,
        "a": 1.0
    },
    "timeHandFastColor": {
        "r": 0.1411764770746231,
        "g": 0.45490196347236636,
        "b": 0.5843137502670288,
        "a": 1.0
    },
    "pauseButtonColor": {
        "r": 0.1411764770746231,
        "g": 0.45490196347236636,
        "b": 0.5843137502670288,
        "a": 1.0
    },
    "helpButtonColor": {
        "r": 0.1411764770746231,
        "g": 0.45490196347236636,
        "b": 0.5843137502670288,
        "a": 1.0
    },
    "resourceBarBackgroundColor": {
        "r": 0.8784313797950745,
        "g": 0.9529411792755127,
        "b": 1.0,
        "a": 1.0
    },
    "resourceBarColors": [
        {
            "resourceBars": [
                {
                    "fill": {
                        "r": 0.364705890417099,
                        "g": 0.3607843220233917,
                        "b": 0.7921569347381592,
                        "a": 1.0
                    },
                    "change": {
                        "r": 1.0,
                        "g": 1.0,
                        "b": 1.0,