{
    "translationKey": "planscape.windowTheme",
    "mainFont": {
        "instanceID": 50504
    },
    "mainFontSizeScale": 1.5,
    "mainCharacterSpacingScale": 1.0,
    "mainLineSpacingScale": 1.0,
    "timerFont": {
        "instanceID": 50358
    },
    "timerFontSizeScale": 1.0,
    "timerCharacterSpacingScale": 1.0,
    "timerLineSpacingScale": 1.0,
    "menuBackgroundLayers": [
        {
            "sprite": {
                "instanceID": 86274
            },
            "color": {
                "r": 0.24313727021217347,
                "g": 0.5686274766921997,
                "b": 0.7568628191947937,
                "a": 1.0
            },
            "position": {
                "x": -5.0,
                "y": 2.4000000953674318,
                "z": 0.0
            },
            "rotation": {
                "x": 0.0,
                "y": 0.0,
                "z": 0.0,
                "w": 0.0
            },
            "scale": {
                "x": 0.75,
                "y": 0.75,
                "z": 0.75
            }
        },
        {
            "sprite": {
                "instanceID": 86276
            },
            "color": {
                "r": 0.3921568989753723,
                "g": 0.5882353186607361,
                "b": 0.1098039299249649,
                "a": 1.0
            },
            "position": {
                "x": -5.0,
                "y": 2.4000000953674318,
                "z": 0.0
            },
            "rotation": {
                "x": 0.0,
                "y": 0.0,
                "z": 0.0,
                "w": 0.0
            },
            "scale": {
                "x": 0.75,
                "y": 0.75,
                "z": 0.75
            }
        },
        {
            "sprite": {
                "instanceID": 86278
            },
            "color": {
                "r": 1.0,
                "g": 1.0,
                "b": 1.0,
                "a": 1.0
            },
            "position": {
                "x": -5.0,
                "y": 2.4000000953674318,
                "z": 0.0
            },
            "rotation": {
                "x": 0.0,
                "y": 0.0,
                "z": 0.0,
                "w": 0.0
            },
            "scale": {
                "x": 0.75,
                "y": 0.75,
                "z": 0.75
            }
        },
        {
            "sprite": {
                "instanceID": 86280
            },
            "color": {
                "r": 0.0,
                "g": 0.0,
                "b": 0.0,
                "a": 1.0
            },
            "position": {
                "x": -5.0,
                "y": 2.4000000953674318,
                "z": 0.0
            },
            "rotation": {
                "x": 0.0,
                "y": 0.0,
                "z": 0.0,
                "w": 0.0
            },
            "scale": {
                "x": 0.75,
                "y": 0.75,
                "z": 0.75
            }
        },
        {
            "sprite": {
                "instanceID": 86340
            },
            "color": {
                "r": 1.0,
                "g": 1.0,
                "b": 1.0,
                "a": 1.0
            },
            "position": {
                "x": 0.0,
                "y": 0.0,
                "z": 0.0
            },
            "rotation": {
                "x": 0.0,
                "y": 0.0,
                "z": 0.0,
                "w": 0.0
            },
            "scale": {
                "x": 1.0,
                "y": 1.0,
                "z": 1.0
            }
        }
    ],
    "levelBackgroundLayers": [
        {
            "sprite": {
                "instanceID": 86340
            },
            "color": {
                "r": 1.0,
                "g": 1.0,
                "b": 1.0,
                "a": 1.0
            },
            "position": {
                "x": 0.0,
                "y": 0.0,
                "z": 0.0
            },
            "rotation": {
                "x": 0.0,
                "y": 0.0,
                "z": 0.0,
                "w": 0.0
            },
            "scale": {
                "x": 1.0,
                "y": 1.0,
                "z": 1.0
            }
        }
    ],
    "taskListColors": [
        {
            "mainColor": {
                "r": 0.3764706254005432,
                "g": 0.760784387588501,
                "b": 0.7921569347381592,
                "a": 1.0
            },
            "itemColor": {
                "r": 0.6980392336845398,
                "g": 0.8823530077934265,
                "b": 0.8862745761871338,
                "a": 1.0
            },
            "scrollbarColor": {
                "r": 1.0,
                "g": 1.0,
                "b": 1.0,
                "a": 1.0
            },
            "countColor": {
                "r": 0.7529412508010864,
                "g": 0.8588235974311829,
                "b": 0.6274510025978088,
                "a": 1.0
            },
            "taskColors": [
                {
                    "r": 0.4901961088180542,
                    "g": 0.5843137502670288,
                    "b": 0.9333333969116211,
                    "a": 1.0
                },
                {
                    "r": 0.529411792755127,
                    "g": 0.6235294342041016,
                    "b": 0.9450981020927429,
                    "a": 1.0
                },
                {
                    "r": 0.6823529601097107,
                    "g": 0.7098039388656616,
                    "b": 0.8980392813682556,
                    "a": 1.0
                },
                {
                    "r": 0.364705890417099,
                    "g": 0.3607843220233917,
                    "b": 0.7921569347381592,
                    "a": 1.0
                }
            ]
        },
        {
            "mainColor": {
                "r": 0.23137256503105164,
                "g": 0.3137255012989044,
                "b": 0.7529412508010864,
                "a": 1.0
            },
            "itemColor": {
                "r": 0.3137255012989044,
                "g": 0.40000003576278689,
                "b": 0.8666667342185974,
                "a": 1.0
            },
            "scrollbarColor": {
                "r": 1.0,
                "g": 1.0,
                "b": 1.0,
                "a": 1.0
            },
            "countColor": {
                "r": 0.7529412508010864,
                "g": 0.8588235974311829,
                "b": 0.6274510025978088,
                "a": 1.0
            },
            "taskColors": [
                {
                    "r": 0.6823529601097107,
                    "g": 0.7098039388656616,
                    "b": 0.8980392813682556,
                    "a": 1.0
                },
                {
                    "r": 0.364705890417099,
                    "g": 0.3607843220233917,
                    "b": 0.7921569347381592,
                    "a": 1.0
                },
                {
                    "r": 0.32156863808631899,
                    "g": 0.7764706611633301,
                    "b": 0.8392157554626465,
                    "a": 1.0
                },
                {
                    "r": 0.6627451181411743,
                    "g": 0.917647123336792,
                    "b": 0.9450981020927429,
                    "a": 1.0
                }
            ]
        },
        {
            "mainColor": {
                "r": 0.5960784554481506,
                "g": 0.7254902124404907,
                "b": 0.8392157554626465,
                "a": 1.0
            },
            "itemColor": {
                "r": 0.37254902720451357,
                "g": 0.615686297416687,
                "b": 0.8117647767066956,
                "a": 1.0
            },
            "scrollbarColor": {
                "r": 1.0,
                "g": 1.0,
                "b": 1.0,